id,first_name,last_name,email,gender,ip_address
1,Jayson,Lackie,jlackie0@buzzfeed.com,Genderqueer,107.91.182.21
2,Hildagard,McGhee,hmcghee1@berkeley.edu,Genderqueer,206.118.2.246
3,Demetri,Sarney,dsarney2@utexas.edu,Genderqueer,146.123.142.114
4,Toni,Spink,tspink3@ustream.tv,Genderfluid,182.96.85.180
5,Alyss,Dillingston,adillingston4@storify.com,Agender,126.71.20.187
6,Marga,Navarre,mnavarre5@scribd.com,Polygender,212.64.240.86
7,Libbey,Magrannell,lmagrannell6@printfriendly.com,Agender,124.128.185.251
8,Dion,Fewkes,dfewkes7@newsvine.com,Non-binary,188.237.31.150
9,Malina,Folk,mfolk8@amazon.co.jp,Male,66.205.193.68
10,Prudence,Van der Hoven,pvanderhoven9@salon.com,Bigender,73.95.207.63
11,Anselma,Tolomei,atolomeia@wiley.com,Male,106.11.1.80
12,Nanine,Tarrier,ntarrierb@msn.com,Bigender,19.190.243.160
13,Gustavo,Hammelberg,ghammelbergc@is.gd,Agender,98.200.8.196
14,Marty,Mathwen,mmathwend@comsenz.com,Genderqueer,176.78.85.115
15,Cozmo,Cashell,ccashelle@sun.com,Genderfluid,243.178.186.245
16,Junie,Piele,jpielef@technorati.com,Non-binary,168.219.159.142
17,Ewan,Causley,ecausleyg@techcrunch.com,Non-binary,211.225.143.143
18,Rosabel,Nanelli,rnanellih@jimdo.com,Polygender,236.47.235.206
19,Tanney,Ivison,tivisoni@prnewswire.com,Genderqueer,173.128.240.41
20,Zondra,Methven,zmethvenj@creativecommons.org,Genderqueer,1.206.221.53
21,Janeva,Roberti,jrobertik@redcross.org,Bigender,10.15.207.68
22,Arlie,Rudsdell,arudsdelll@feedburner.com,Genderqueer,44.28.48.137
23,Myrta,Emmines,memminesm@adobe.com,Female,35.130.132.63
24,Rasla,Gheorghescu,rgheorghescun@theatlantic.com,Agender,145.8.31.211
25,Sayres,Sherrocks,ssherrockso@imgur.com,Female,48.126.59.105
26,Mathew,Makinson,mmakinsonp@cmu.edu,Genderfluid,93.214.64.163
27,Kelcy,Lambrechts,klambrechtsq@imgur.com,Bigender,247.232.30.6
28,Sheffield,Danko,sdankor@istockphoto.com,Male,120.157.230.140
29,Saxon,Dobbins,sdobbinss@pbs.org,Genderqueer,94.108.45.59
30,Theresina,Kirkhouse,tkirkhouset@si.edu,Male,105.135.194.21
31,Hewe,Smaridge,hsmaridgeu@army.mil,Genderfluid,169.70.57.152
32,Delores,Occleshaw,doccleshawv@businesswire.com,Female,73.159.31.233
33,Carolyn,Wanless,cwanlessw@go.com,Female,115.28.61.7
34,Katlin,Camilli,kcamillix@odnoklassniki.ru,Genderfluid,207.45.197.157
35,Cordy,Belliss,cbellissy@umn.edu,Non-binary,216.189.133.116
36,Weylin,Murford,wmurfordz@ucoz.com,Male,81.216.173.170
37,Patsy,O'Hara,pohara10@bizjournals.com,Non-binary,239.234.216.182
38,Vinny,Heugh,vheugh11@google.de,Non-binary,164.252.170.21
39,Jorgan,Haldene,jhaldene12@nba.com,Male,110.203.112.5
40,Adler,Ridehalgh,aridehalgh13@friendfeed.com,Genderfluid,59.147.43.236
41,Maryl,Shernock,mshernock14@reddit.com,Bigender,226.251.80.216
42,Karilynn,Benting,kbenting15@geocities.jp,Polygender,250.7.129.160
43,Barr,Tratton,btratton16@wordpress.org,Bigender,54.66.56.159
44,Heall,Medler,hmedler17@scribd.com,Non-binary,218.64.53.14
45,Ynez,Faltin,yfaltin18@microsoft.com,Bigender,77.38.247.1
46,Hayes,Colecrough,hcolecrough19@soundcloud.com,Polygender,244.224.73.214
47,Dara,Kienzle,dkienzle1a@hexun.com,Genderqueer,108.238.209.4
48,Clementius,Buy,cbuy1b@deliciousdays.com,Male,152.42.37.61
49,Pammy,Kinman,pkinman1c@shinystat.com,Non-binary,2.93.136.252
50,Gaspard,Januszewicz,gjanuszewicz1d@youtu.be,Polygender,0.165.159.141
51,Marion,Van Vuuren,mvanvuuren1e@japanpost.jp,Male,110.253.108.124
52,Payton,Addionisio,paddionisio1f@mapquest.com,Bigender,120.68.24.75
53,Kristy,Bradneck,kbradneck1g@posterous.com,Non-binary,153.139.234.110
54,Alanah,MacDuffie,amacduffie1h@ning.com,Male,156.122.247.248
55,Sonny,Larratt,slarratt1i@java.com,Bigender,247.55.18.228
56,Ekaterina,Gomez,egomez1j@admin.ch,Genderfluid,91.65.43.199
57,Guenevere,Baggiani,gbaggiani1k@goodreads.com,Polygender,15.162.80.188
58,Roz,Barnsley,rbarnsley1l@pen.io,Polygender,254.130.19.169
59,Avie,Brockwell,abrockwell1m@bloomberg.com,Polygender,201.92.93.195
60,Genevra,Grosvenor,ggrosvenor1n@wunderground.com,Polygender,138.201.150.208
61,Perry,Almon,palmon1o@salon.com,Male,63.192.239.219
62,Remus,Edmonstone,redmonstone1p@mediafire.com,Genderqueer,89.9.200.52
63,Lorelei,Proby,lproby1q@jalbum.net,Genderqueer,225.106.225.17
64,Tracey,Freshwater,tfreshwater1r@posterous.com,Bigender,222.163.117.93
65,Prisca,Sprowell,psprowell1s@cnn.com,Bigender,71.108.117.148
66,Cobb,Wooton,cwooton1t@ucoz.ru,Agender,65.108.41.132
67,Halsey,Scrigmour,hscrigmour1u@walmart.com,Female,198.192.84.243
68,Alexander,Beardshaw,abeardshaw1v@sogou.com,Agender,134.62.155.36
69,Matthieu,Guppie,mguppie1w@is.gd,Male,10.33.239.45
70,Mable,Prendeville,mprendeville1x@xing.com,Male,110.11.212.245
71,Rustie,Tewkesberrie,rtewkesberrie1y@slideshare.net,Genderfluid,12.247.57.190
72,Jeremiah,Minto,jminto1z@printfriendly.com,Genderfluid,34.180.85.13
73,Woodrow,Jenny,wjenny20@geocities.com,Genderfluid,63.225.31.67
74,Ryan,Frome,rfrome21@bloomberg.com,Agender,158.234.214.219
75,Alfonso,Ducroe,aducroe22@cornell.edu,Polygender,23.230.193.71
76,Lemuel,Elfe,lelfe23@statcounter.com,Bigender,103.226.225.34
77,Roda,Bris,rbris24@sourceforge.net,Polygender,29.218.95.206
78,Julia,Ulrik,julrik25@blog.com,Genderfluid,233.147.1.181
79,Shelton,Tours,stours26@pagesperso-orange.fr,Polygender,220.95.213.77
80,Augusto,Skipper,askipper27@behance.net,Bigender,21.220.18.79
81,Jordan,Meldon,jmeldon28@nih.gov,Agender,255.16.200.242
82,Elicia,Skase,eskase29@goo.gl,Non-binary,208.5.99.206
83,Demetria,Coale,dcoale2a@about.com,Male,74.97.67.212
84,Melisse,Ridding,mridding2b@umich.edu,Polygender,249.47.43.138
85,Annaliese,Chastan,achastan2c@admin.ch,Female,38.211.202.58
86,Emyle,Pettigrew,epettigrew2d@ed.gov,Polygender,218.66.93.203
87,Bartholomeus,Bellows,bbellows2e@wiley.com,Bigender,136.201.216.61
88,Bink,McIlhone,bmcilhone2f@google.com.hk,Genderqueer,158.59.253.250
89,Ulick,Guslon,uguslon2g@shinystat.com,Male,132.229.0.74
90,Avis,Tollerton,atollerton2h@intel.com,Female,101.94.198.143
91,Alisha,Doerr,adoerr2i@cocolog-nifty.com,Bigender,209.150.155.197
92,Jereme,Spencer,jspencer2j@netlog.com,Agender,203.1.186.40
93,Britte,Hullbrook,bhullbrook2k@mapy.cz,Genderfluid,177.132.228.132
94,Laurie,Brozsset,lbrozsset2l@smh.com.au,Female,65.180.227.190
95,Laurette,Wavish,lwavish2m@privacy.gov.au,Polygender,36.81.143.223
96,Arel,Cheine,acheine2n@live.com,Polygender,28.158.148.19
97,Koren,Demelt,kdemelt2o@godaddy.com,Agender,174.152.89.245
98,Ezekiel,Hedley,ehedley2p@ihg.com,Bigender,147.220.115.135
99,Cornelle,Pacey,cpacey2q@feedburner.com,Polygender,238.33.154.182
100,Barnabas,Autie,bautie2r@stanford.edu,Agender,179.75.63.49
101,Grant,Davydenko,gdavydenko2s@wp.com,Polygender,5.233.156.162
102,Jammie,Faussett,jfaussett2t@forbes.com,Polygender,203.118.57.94
103,Wanda,Kingshott,wkingshott2u@php.net,Genderfluid,107.186.87.207
104,Amitie,Blinco,ablinco2v@creativecommons.org,Polygender,35.194.116.183
105,Ted,Loos,tloos2w@hatena.ne.jp,Polygender,74.17.61.68
106,Carolus,Theodoris,ctheodoris2x@google.co.uk,Agender,214.66.120.34
107,Reinhold,Folkerts,rfolkerts2y@clickbank.net,Non-binary,58.216.121.168
108,Demott,Gathercole,dgathercole2z@ebay.com,Female,137.168.253.26
109,Tedmund,MacKissack,tmackissack30@stanford.edu,Bigender,74.169.159.51
110,Gasper,Saiger,gsaiger31@cnet.com,Polygender,138.222.60.134
111,Bennie,Canlin,bcanlin32@printfriendly.com,Female,32.69.171.133
112,Glynda,Marcam,gmarcam33@mysql.com,Genderqueer,177.42.95.202
113,Gayel,Mensler,gmensler34@intel.com,Male,206.124.195.161
114,Ruby,Spilstead,rspilstead35@livejournal.com,Non-binary,47.59.207.66
115,Mariann,Bayford,mbayford36@yale.edu,Agender,23.223.223.34
116,Far,Adne,fadne37@netscape.com,Agender,0.18.175.169
117,Trever,Twort,ttwort38@discovery.com,Genderqueer,155.44.75.148
118,Jehanna,Gauthorpp,jgauthorpp39@delicious.com,Bigender,53.116.110.49
119,Emmye,Dybell,edybell3a@exblog.jp,Genderfluid,0.104.76.26
120,Norean,Miskin,nmiskin3b@narod.ru,Female,245.195.99.141
121,Kalle,Bonner,kbonner3c@tripod.com,Polygender,252.56.42.215
122,Claretta,Iannetti,ciannetti3d@phpbb.com,Genderqueer,56.143.234.55
123,Kerianne,Tabb,ktabb3e@123-reg.co.uk,Bigender,67.135.15.46
124,Bucky,Pusey,bpusey3f@unc.edu,Genderfluid,54.65.128.243
125,Robinetta,Jarville,rjarville3g@joomla.org,Genderqueer,125.254.51.221
126,Corilla,Styan,cstyan3h@dagondesign.com,Male,31.134.15.217
127,Camella,Muncer,cmuncer3i@freewebs.com,Non-binary,250.40.227.112
128,Devon,Danovich,ddanovich3j@irs.gov,Bigender,62.244.211.154
129,Kalil,Jellicorse,kjellicorse3k@ning.com,Female,156.9.36.242
130,Myrtice,Govinlock,mgovinlock3l@wix.com,Non-binary,38.163.235.240
131,Tammy,Estable,testable3m@ehow.com,Genderfluid,184.77.184.254
132,Pooh,Baxstare,pbaxstare3n@merriam-webster.com,Male,106.62.74.232
133,Vivie,Habbergham,vhabbergham3o@wisc.edu,Female,245.77.149.92
134,Ignatius,Tyers,ityers3p@ed.gov,Bigender,155.114.129.193
135,Kelcey,Stockings,kstockings3q@imageshack.us,Genderfluid,144.103.73.3
136,Ike,Baynes,ibaynes3r@unblog.fr,Female,206.159.49.137
137,Neila,Trimble,ntrimble3s@cargocollective.com,Bigender,176.69.240.66
138,Way,McCleverty,wmccleverty3t@flickr.com,Genderqueer,190.103.250.79
139,Kaitlyn,Badrick,kbadrick3u@soundcloud.com,Male,204.102.174.121
140,Jackquelin,Gorrick,jgorrick3v@weather.com,Polygender,95.69.117.244
141,Jayson,Alben,jalben3w@cyberchimps.com,Genderfluid,163.85.22.154
142,Ingamar,Mikalski,imikalski3x@wikipedia.org,Genderfluid,29.252.134.207
143,Yancy,Le Fevre,ylefevre3y@paypal.com,Non-binary,234.125.239.38
144,Aldrich,Bellas,abellas3z@ovh.net,Agender,36.69.197.228
145,Hedvige,Hebburn,hhebburn40@cnn.com,Polygender,88.17.126.164
146,Lewiss,Litherborough,llitherborough41@meetup.com,Genderqueer,6.33.20.83
147,Perl,Chessor,pchessor42@icq.com,Female,50.187.55.230
148,Heath,Caughey,hcaughey43@home.pl,Male,48.148.34.158
149,Paton,Blacket,pblacket44@moonfruit.com,Male,151.165.177.13
150,Konstance,Jadczak,kjadczak45@usa.gov,Polygender,189.68.171.244
151,Eldredge,Melendez,emelendez46@ifeng.com,Bigender,152.58.53.14
152,Rodina,Yeaman,ryeaman47@nasa.gov,Agender,244.141.12.146
153,Stanly,Edes,sedes48@posterous.com,Genderfluid,183.64.80.64
154,Rodrique,Pinard,rpinard49@sciencedirect.com,Female,226.59.71.162
155,Konstance,Gounet,kgounet4a@posterous.com,Bigender,61.235.248.219
156,Hilton,Climpson,hclimpson4b@forbes.com,Bigender,151.231.30.216
157,Darcey,Nys,dnys4c@mayoclinic.com,Genderfluid,249.8.34.27
158,Kelsey,Barrett,kbarrett4d@oracle.com,Polygender,232.134.33.225
159,Thomasin,Juza,tjuza4e@1und1.de,Genderfluid,10.145.153.1
160,Aeriel,Vousden,avousden4f@home.pl,Female,43.7.163.99
161,Hort,Datte,hdatte4g@meetup.com,Genderfluid,131.115.216.73
162,Lorain,Schnitter,lschnitter4h@narod.ru,Male,33.134.38.47
163,Kacey,McMearty,kmcmearty4i@1und1.de,Non-binary,16.221.23.26
164,Nedi,Wandrach,nwandrach4j@51.la,Agender,158.41.58.129
165,Friedrick,Struis,fstruis4k@hhs.gov,Polygender,68.20.50.196
166,Willey,Lenglet,wlenglet4l@exblog.jp,Agender,178.234.146.9
167,Edmon,Wakeling,ewakeling4m@4shared.com,Agender,184.15.138.67
168,Rozella,Hewson,rhewson4n@nih.gov,Genderfluid,134.156.9.8
169,Natty,Phant,nphant4o@psu.edu,Agender,100.244.72.18
170,Base,Polhill,bpolhill4p@opera.com,Polygender,115.237.178.210
171,Malissia,Leynton,mleynton4q@theatlantic.com,Polygender,123.160.196.245
172,Merry,Ballinghall,mballinghall4r@sphinn.com,Non-binary,182.249.65.172
173,Nelson,Dikle,ndikle4s@mapy.cz,Non-binary,221.95.75.45
174,Demetris,Felgat,dfelgat4t@amazonaws.com,Genderqueer,211.164.251.236
175,Kameko,Dugan,kdugan4u@marketwatch.com,Polygender,63.117.63.59
176,Barrett,Pickle,bpickle4v@photobucket.com,Non-binary,21.228.5.24
177,Shelbi,Buffin,sbuffin4w@wp.com,Male,172.206.28.50
178,Emmanuel,Doleman,edoleman4x@toplist.cz,Agender,231.157.96.99
179,Dione,Valdes,dvaldes4y@creativecommons.org,Non-binary,2.84.135.155
180,Kippar,Petrusch,kpetrusch4z@clickbank.net,Agender,115.225.237.55
181,Erna,Snoddin,esnoddin50@shutterfly.com,Polygender,21.234.254.105
182,Bonnie,Revie,brevie51@abc.net.au,Genderfluid,32.50.151.220
183,Christiana,Prisley,cprisley52@census.gov,Agender,254.72.8.248
184,Sasha,Gaskarth,sgaskarth53@ebay.com,Non-binary,65.101.40.153
185,Arlie,Luff,aluff54@edublogs.org,Female,111.190.71.248
186,Bobbye,Rambadt,brambadt55@home.pl,Non-binary,93.122.85.233
187,Eduino,Dregan,edregan56@freewebs.com,Genderqueer,190.206.53.45
188,Lilia,Brame,lbrame57@list-manage.com,Female,230.252.143.221
189,Guglielma,Stapleton,gstapleton58@facebook.com,Male,100.253.155.155
190,Gunar,Adamiak,gadamiak59@deviantart.com,Agender,73.98.54.168
191,Briggs,MacKniely,bmackniely5a@un.org,Genderfluid,173.8.29.171
192,Marie-jeanne,Owbridge,mowbridge5b@forbes.com,Polygender,47.133.110.229
193,Swen,Bothbie,sbothbie5c@meetup.com,Male,162.121.47.210
194,Wallis,Keling,wkeling5d@dropbox.com,Male,168.201.44.246
195,Lorita,Letterese,lletterese5e@disqus.com,Genderqueer,105.72.236.26
196,Morty,Staneland,mstaneland5f@fda.gov,Female,8.16.54.81
197,Sheilah,Rampling,srampling5g@blogger.com,Bigender,200.69.250.231
198,Maisey,Aloshkin,maloshkin5h@amazon.co.uk,Non-binary,40.162.55.182
199,Horatio,Redmell,hredmell5i@quantcast.com,Polygender,92.196.105.67
200,Marie-jeanne,Addey,maddey5j@artisteer.com,Male,237.25.150.60
201,Arvy,Mathon,amathon5k@ameblo.jp,Polygender,138.154.84.194
202,Lois,McLevie,lmclevie5l@sfgate.com,Male,83.117.81.97
203,Helen,Sorey,hsorey5m@unesco.org,Male,104.236.100.147
204,Onfre,Ouldcott,oouldcott5n@redcross.org,Male,194.122.104.60
205,Rhett,Placide,rplacide5o@mail.ru,Polygender,174.182.36.66
206,Alva,Corser,acorser5p@google.com.au,Male,50.221.194.155
207,Liva,Oaten,loaten5q@live.com,Male,44.136.103.172
208,Ryann,Fairs,rfairs5r@bing.com,Genderqueer,235.223.174.195
209,Lodovico,Maly,lmaly5s@illinois.edu,Non-binary,174.109.102.138
210,Ingrim,Longhurst,ilonghurst5t@blogspot.com,Genderqueer,157.50.183.21
211,Lotte,Scudders,lscudders5u@businessweek.com,Genderfluid,253.238.252.38
212,Shaw,Roggers,sroggers5v@tiny.cc,Female,175.142.190.166
213,Urbain,Swapp,uswapp5w@rakuten.co.jp,Bigender,214.234.160.120
214,Alano,MacDirmid,amacdirmid5x@cmu.edu,Female,164.157.179.119
215,Artie,Marland,amarland5y@webnode.com,Female,234.231.6.64
216,Katina,Concannon,kconcannon5z@facebook.com,Bigender,118.24.23.233
217,Leah,Morkham,lmorkham60@nyu.edu,Polygender,111.185.49.30
218,Tabby,Scotcher,tscotcher61@noaa.gov,Polygender,146.3.151.17
219,Adelaida,Oxberry,aoxberry62@mapy.cz,Agender,200.126.197.11
220,Mara,Bompass,mbompass63@webmd.com,Agender,11.61.189.48
221,Reginald,Sconce,rsconce64@berkeley.edu,Female,209.209.137.132
222,Ced,Paliser,cpaliser65@infoseek.co.jp,Non-binary,224.210.127.21
223,Loria,Island,lisland66@yahoo.co.jp,Male,77.118.249.63
224,Ciro,Birtonshaw,cbirtonshaw67@bbc.co.uk,Female,149.125.129.13
225,Claudell,Klousner,cklousner68@angelfire.com,Polygender,170.20.245.92
226,Dita,Rathe,drathe69@delicious.com,Bigender,185.118.69.158
227,Florrie,Blowen,fblowen6a@merriam-webster.com,Male,116.199.88.187
228,Bartholomeus,Floris,bfloris6b@dell.com,Genderfluid,44.65.130.185
229,Willie,Bartol,wbartol6c@nasa.gov,Bigender,180.26.148.199
230,Zonnya,Castelyn,zcastelyn6d@abc.net.au,Polygender,41.202.218.125
231,Lorita,Benezet,lbenezet6e@yahoo.co.jp,Bigender,248.28.36.151
232,Ernie,Klimus,eklimus6f@blogs.com,Male,43.122.125.81
233,Nonie,Meckiff,nmeckiff6g@smh.com.au,Bigender,32.66.23.104
234,Odelia,Sudworth,osudworth6h@usatoday.com,Male,1.158.139.204
235,Langston,Pasfield,lpasfield6i@pen.io,Genderfluid,90.244.148.82
236,Nikolos,McAllan,nmcallan6j@purevolume.com,Agender,48.211.38.241
237,Bradly,Buffey,bbuffey6k@cbslocal.com,Non-binary,130.219.20.227
238,Sutherlan,Ensor,sensor6l@is.gd,Genderqueer,122.112.74.228
239,Dinny,Piggens,dpiggens6m@wordpress.com,Agender,27.132.183.196
240,Dehlia,Bamling,dbamling6n@nhs.uk,Female,45.163.226.24
241,Barclay,Lucks,blucks6o@slate.com,Polygender,203.4.172.118
242,Evanne,Dulwitch,edulwitch6p@samsung.com,Polygender,123.178.144.115
243,Lorenza,Abramovitz,labramovitz6q@pen.io,Genderqueer,189.227.189.4
244,Zulema,Witherspoon,zwitherspoon6r@washingtonpost.com,Male,18.191.20.152
245,Stearne,Dockerty,sdockerty6s@hud.gov,Genderqueer,207.94.229.81
246,Frederigo,Mease,fmease6t@nytimes.com,Genderqueer,236.221.78.123
247,Costanza,Ivetts,civetts6u@sciencedirect.com,Bigender,177.80.102.209
248,Ivory,Ryce,iryce6v@nbcnews.com,Bigender,136.88.179.111
249,Ronni,Kippie,rkippie6w@springer.com,Agender,208.46.142.240
250,Consuelo,Bilbee,cbilbee6x@answers.com,Genderfluid,58.26.76.83
251,Adolf,Colomb,acolomb6y@forbes.com,Female,126.158.181.253
252,Sonny,Olligan,solligan6z@tiny.cc,Genderfluid,141.244.46.246
253,Ahmed,Beer,abeer70@homestead.com,Genderqueer,197.57.249.8
254,Richy,Camelli,rcamelli71@gov.uk,Non-binary,63.182.88.249
255,Robbi,Berzon,rberzon72@dot.gov,Polygender,70.31.229.113
256,Drusi,Fayne,dfayne73@bluehost.com,Genderqueer,212.149.57.225
257,Wynne,Kissack,wkissack74@reuters.com,Genderqueer,35.146.247.121
258,Kori,Melody,kmelody75@eventbrite.com,Non-binary,83.239.53.250
259,Jacintha,Williscroft,jwilliscroft76@illinois.edu,Non-binary,174.53.164.95
260,Debi,McGlade,dmcglade77@amazon.com,Genderqueer,16.59.190.235
261,Maiga,Longmuir,mlongmuir78@nifty.com,Genderfluid,62.45.145.248
262,Stafford,Gommey,sgommey79@goo.ne.jp,Male,150.233.33.239
263,Mabel,Tissier,mtissier7a@google.co.jp,Male,111.161.126.183
264,Garik,Jurs,gjurs7b@joomla.org,Genderqueer,180.17.115.103
265,Rafaela,Milleton,rmilleton7c@discovery.com,Female,171.97.121.59
266,Gabi,Stuck,gstuck7d@odnoklassniki.ru,Genderfluid,103.192.155.201
267,Ilario,Bowcher,ibowcher7e@indiegogo.com,Polygender,126.42.73.49
268,Camellia,Jillions,cjillions7f@nbcnews.com,Bigender,118.250.161.35
269,Marybelle,Thwaite,mthwaite7g@google.pl,Non-binary,13.211.87.48
270,Walden,Musslewhite,wmusslewhite7h@unblog.fr,Non-binary,88.132.251.140
271,Corney,Morgans,cmorgans7i@washingtonpost.com,Male,17.22.167.102
272,Kenon,Briereton,kbriereton7j@webnode.com,Genderqueer,128.121.221.60
273,Callida,Mattinson,cmattinson7k@imgur.com,Genderqueer,128.63.22.93
274,Ula,Karlqvist,ukarlqvist7l@bbc.co.uk,Polygender,230.139.187.147
275,Nat,Wilbraham,nwilbraham7m@lulu.com,Polygender,144.58.76.58
276,Dag,Assaf,dassaf7n@amazon.co.uk,Agender,24.54.110.149
277,Abbey,Gossage,agossage7o@wordpress.org,Agender,43.188.186.33
278,Constantina,Nowak,cnowak7p@cam.ac.uk,Genderfluid,51.134.229.27
279,Ryon,O'Teague,roteague7q@homestead.com,Polygender,197.153.41.234
280,Dennison,Muldownie,dmuldownie7r@eventbrite.com,Polygender,71.135.87.93
281,Dannel,Alison,dalison7s@theguardian.com,Non-binary,92.109.242.104
282,Sibylla,Lennon,slennon7t@dion.ne.jp,Male,18.37.86.219
283,Jada,Conor,jconor7u@sun.com,Non-binary,226.202.253.160
284,Waldo,Pilmer,wpilmer7v@spiegel.de,Bigender,100.52.71.159
285,Fair,Flippini,fflippini7w@e-recht24.de,Male,148.127.193.106
286,Kalvin,Kenyam,kkenyam7x@berkeley.edu,Genderfluid,17.184.155.160
287,Peter,Richemond,prichemond7y@bing.com,Male,147.49.21.18
288,Dukie,Bromehead,dbromehead7z@archive.org,Bigender,134.135.47.246
289,Alwyn,Matisoff,amatisoff80@networksolutions.com,Genderfluid,60.65.146.147
290,Ewan,Blandamore,eblandamore81@alexa.com,Polygender,143.61.43.194
291,Claybourne,Brailey,cbrailey82@cdc.gov,Polygender,138.243.197.198
292,Harwilll,Aynsley,haynsley83@indiegogo.com,Non-binary,249.40.22.139
293,Wendi,Drexel,wdrexel84@meetup.com,Agender,223.5.196.44
294,Heriberto,Calendar,hcalendar85@hp.com,Polygender,221.227.121.79
295,Phillipp,Dowson,pdowson86@homestead.com,Polygender,23.247.212.95
296,Rafaelita,Richardes,rrichardes87@wikia.com,Bigender,192.235.178.101
297,Hastings,Findlow,hfindlow88@reverbnation.com,Bigender,71.236.43.44
298,Derward,Chambers,dchambers89@lycos.com,Male,77.16.16.122
299,Moyra,Week,mweek8a@infoseek.co.jp,Female,232.171.14.118
300,Molly,Orgee,morgee8b@techcrunch.com,Female,201.168.245.230
301,Jinny,Jeste,jjeste8c@nymag.com,Polygender,69.220.43.92
302,Fenelia,Glen,fglen8d@hugedomains.com,Female,230.58.210.107
303,Siana,Troubridge,stroubridge8e@biglobe.ne.jp,Polygender,229.225.140.248
304,Alic,Guppey,aguppey8f@gravatar.com,Male,0.251.211.200
305,Cecile,Brenton,cbrenton8g@geocities.com,Genderqueer,205.117.136.191
306,Jane,Fridd,jfridd8h@mediafire.com,Non-binary,11.156.153.117
307,Milzie,McGarrity,mmcgarrity8i@skyrock.com,Agender,220.11.183.190
308,Reinold,Elflain,relflain8j@taobao.com,Bigender,112.9.229.21
309,Miran,Velez,mvelez8k@wp.com,Genderqueer,188.237.68.220
310,Julita,Basten,jbasten8l@aol.com,Agender,7.8.134.228
311,Iormina,Nornable,inornable8m@is.gd,Male,223.133.255.242
312,Petronia,Gynn,pgynn8n@bloomberg.com,Agender,209.26.173.71
313,Amara,MacGorman,amacgorman8o@xrea.com,Agender,100.110.216.86
314,Peggie,Hayton,phayton8p@apache.org,Agender,200.253.43.187
315,Mela,Merrifield,mmerrifield8q@theglobeandmail.com,Agender,217.162.196.32
316,Gaylene,Demead,gdemead8r@wikimedia.org,Agender,249.234.44.40
317,Tomaso,Willetts,twilletts8s@sun.com,Non-binary,105.113.13.128
318,Rosalinda,Jeschner,rjeschner8t@tuttocitta.it,Female,3.61.169.224
319,Rich,Blore,rblore8u@posterous.com,Bigender,179.60.61.86
320,Myrle,Simakov,msimakov8v@pinterest.com,Female,181.62.56.111
321,Pepi,Fullegar,pfullegar8w@toplist.cz,Bigender,248.5.186.39
322,Vitoria,Ruger,vruger8x@surveymonkey.com,Genderfluid,68.174.36.220
323,Bernard,Bishell,bbishell8y@privacy.gov.au,Bigender,133.230.246.224
324,Saxe,Chrystie,schrystie8z@illinois.edu,Genderfluid,91.111.234.236
325,Gerick,Cicci,gcicci90@ning.com,Non-binary,89.4.152.34
326,Jo,Rouf,jrouf91@narod.ru,Polygender,23.251.32.0
327,Hilly,Chadburn,hchadburn92@list-manage.com,Polygender,69.2.206.76
328,Orel,Iceton,oiceton93@reverbnation.com,Genderfluid,78.154.236.81
329,Nanci,Laflin,nlaflin94@prweb.com,Male,197.173.62.47
330,Margie,Huggon,mhuggon95@ameblo.jp,Genderfluid,49.247.7.37
331,Guss,Tommasuzzi,gtommasuzzi96@reddit.com,Agender,19.82.203.216
332,Gertruda,Clapston,gclapston97@technorati.com,Genderqueer,2.115.235.158
333,Anita,Stell,astell98@geocities.com,Non-binary,96.5.158.213
334,Emelia,Antuk,eantuk99@slideshare.net,Genderfluid,118.190.110.153
335,Sunny,Riggott,sriggott9a@cocolog-nifty.com,Agender,165.184.67.13
336,Agneta,Schrir,aschrir9b@mysql.com,Genderqueer,228.111.183.205
337,Eduino,Radki,eradki9c@51.la,Male,52.132.100.184
338,Lisle,McMurty,lmcmurty9d@pbs.org,Bigender,129.230.31.223
339,Sophey,Van der Kruys,svanderkruys9e@weather.com,Genderfluid,107.240.194.123
340,Theodora,Albiston,talbiston9f@is.gd,Genderfluid,201.142.180.13
341,Terry,Rothera,trothera9g@chicagotribune.com,Polygender,148.177.118.26
342,Antons,Willarton,awillarton9h@last.fm,Bigender,40.211.168.51
343,Martguerita,Aujouanet,maujouanet9i@vinaora.com,Bigender,6.254.191.20
344,Ali,Heams,aheams9j@posterous.com,Non-binary,199.218.127.197
345,Joyous,Gaylor,jgaylor9k@squarespace.com,Bigender,216.165.215.34
346,Townsend,Huke,thuke9l@themeforest.net,Genderqueer,186.50.96.35
347,Brett,Checchetelli,bchecchetelli9m@amazonaws.com,Male,71.38.123.89
348,Michele,Pullan,mpullan9n@marriott.com,Female,239.86.215.171
349,Bobby,Marques,bmarques9o@soundcloud.com,Male,2.157.181.59
350,Tasia,Sambles,tsambles9p@cnet.com,Male,217.169.106.18
351,Duffy,Applewhaite,dapplewhaite9q@macromedia.com,Agender,93.1.150.137
352,Noe,Goodspeed,ngoodspeed9r@mayoclinic.com,Genderqueer,122.227.56.175
353,Gan,Pichan,gpichan9s@facebook.com,Male,164.248.9.218
354,Maria,Petzold,mpetzold9t@yelp.com,Polygender,137.202.220.180
355,Mead,Keerl,mkeerl9u@jalbum.net,Female,36.198.235.196
356,Mariele,Metherell,mmetherell9v@ucsd.edu,Agender,194.202.184.32
357,Marlena,Turl,mturl9w@hc360.com,Bigender,220.87.3.40
358,Moses,Mc Meekan,mmcmeekan9x@bloglines.com,Female,151.42.158.53
359,Dill,Dukesbury,ddukesbury9y@blogs.com,Agender,223.48.111.40
360,Galen,Hearnshaw,ghearnshaw9z@apple.com,Agender,163.31.135.180
361,Riannon,Dalgleish,rdalgleisha0@alibaba.com,Genderfluid,27.142.151.175
362,Dean,Inskipp,dinskippa1@timesonline.co.uk,Non-binary,95.240.96.55
363,Cherye,Okeshott,cokeshotta2@comcast.net,Genderqueer,90.15.176.220
364,Keri,Jaffrey,kjaffreya3@webs.com,Male,30.127.31.145
365,Rickert,Ioannidis,rioannidisa4@upenn.edu,Bigender,214.38.201.208
366,Jobyna,Fidge,jfidgea5@who.int,Polygender,52.45.172.17
367,Killian,McUre,kmcurea6@printfriendly.com,Male,112.152.241.247
368,Aubine,Mackness,amacknessa7@networkadvertising.org,Female,6.239.153.14
369,Brett,Falconer-Taylor,bfalconertaylora8@mapquest.com,Genderqueer,186.78.30.36
370,Shanna,Boards,sboardsa9@edublogs.org,Male,147.218.205.77
371,Cart,Stanyon,cstanyonaa@jugem.jp,Non-binary,4.44.42.26
372,Gretna,Caberas,gcaberasab@weibo.com,Non-binary,81.247.201.167
373,Ailyn,McKim,amckimac@etsy.com,Non-binary,0.89.29.75
374,Joelynn,Renish,jrenishad@technorati.com,Male,103.217.55.189
375,Heddie,Chedzoy,hchedzoyae@virginia.edu,Agender,5.14.72.127
376,Berri,Wabe,bwabeaf@skype.com,Female,28.94.116.19
377,Lissa,Newcomb,lnewcombag@about.com,Female,63.127.92.81
378,Kirsteni,Norman,knormanah@independent.co.uk,Genderqueer,125.96.101.96
379,Martyn,Holstein,mholsteinai@smugmug.com,Polygender,251.97.5.61
380,Norine,Raubenheimers,nraubenheimersaj@pcworld.com,Bigender,147.117.223.172
381,Sherry,Trigwell,strigwellak@ezinearticles.com,Female,119.29.44.85
382,Melisandra,Dict,mdictal@usatoday.com,Bigender,153.175.98.77
383,Claybourne,Probate,cprobateam@ebay.com,Agender,242.31.64.95
384,Prince,Parradye,pparradyean@themeforest.net,Polygender,91.165.179.128
385,Cristin,Hurles,churlesao@indiegogo.com,Genderfluid,134.127.197.176
386,Zachary,Ornillos,zornillosap@google.co.jp,Male,37.167.124.102
387,Dillie,Quin,dquinaq@dailymotion.com,Non-binary,125.14.245.73
388,Godfrey,Rehm,grehmar@odnoklassniki.ru,Non-binary,24.184.126.202
389,Doreen,Licquorish,dlicquorishas@hexun.com,Polygender,158.8.178.10
390,Joella,Denacamp,jdenacampat@bloomberg.com,Female,147.132.80.221
391,Lucy,Edelmann,ledelmannau@bigcartel.com,Bigender,125.84.214.125
392,Mufi,Crowdy,mcrowdyav@simplemachines.org,Bigender,52.168.125.237
393,Ara,Cerie,acerieaw@home.pl,Agender,230.171.203.81
394,Juliet,Beatens,jbeatensax@wikipedia.org,Non-binary,110.177.242.123
395,Georges,Joao,gjoaoay@state.gov,Bigender,205.9.156.209
396,Anjanette,Jewer,ajeweraz@ted.com,Non-binary,133.151.118.182
397,Siouxie,Botterman,sbottermanb0@elpais.com,Genderfluid,98.142.87.180
398,Nanete,Wilshire,nwilshireb1@pen.io,Bigender,129.144.162.120
399,Tandy,Rookesby,trookesbyb2@liveinternet.ru,Female,174.37.114.156
400,Horace,Beyer,hbeyerb3@msu.edu,Agender,5.131.80.191
401,Jarrad,McTurley,jmcturleyb4@google.com.br,Agender,203.44.201.89
402,Susi,McKew,smckewb5@bing.com,Polygender,223.17.94.249
403,Owen,Lesslie,olesslieb6@amazon.co.uk,Non-binary,4.48.193.42
404,Vickie,Delahunty,vdelahuntyb7@adobe.com,Polygender,133.225.62.16
405,Duane,Kanter,dkanterb8@clickbank.net,Bigender,1.11.228.229
406,Tanitansy,Cloughton,tcloughtonb9@dagondesign.com,Agender,235.148.253.113
407,Otto,Fanning,ofanningba@parallels.com,Bigender,193.212.219.131
408,Yorke,Trittam,ytrittambb@lulu.com,Non-binary,221.241.201.39
409,Cassondra,Pedroli,cpedrolibc@fema.gov,Agender,245.56.90.97
410,Guinevere,Somerled,gsomerledbd@reverbnation.com,Non-binary,109.209.53.205
411,Cristionna,Sawrey,csawreybe@yellowbook.com,Bigender,26.210.130.30
412,Pegeen,Kimberley,pkimberleybf@nbcnews.com,Agender,126.110.238.74
413,Roz,MacSorley,rmacsorleybg@ed.gov,Genderqueer,95.236.197.178
414,Ami,Filisov,afilisovbh@cbsnews.com,Male,196.7.223.219
415,Amberly,Ollerton,aollertonbi@washingtonpost.com,Non-binary,156.220.115.215
416,Linea,Neary,lnearybj@europa.eu,Male,212.41.81.130
417,Anjanette,Roome,aroomebk@usda.gov,Female,119.236.84.155
418,Addie,Polino,apolinobl@uiuc.edu,Male,6.41.120.227
419,Kelcy,Bowdon,kbowdonbm@aol.com,Genderfluid,244.194.150.209
420,Alidia,Gregan,agreganbn@alibaba.com,Female,159.218.176.151
421,Balduin,Douthwaite,bdouthwaitebo@newsvine.com,Male,242.197.90.35
422,Ailsun,Assel,aasselbp@go.com,Female,65.67.248.80
423,Beryl,Ambrosch,bambroschbq@netlog.com,Non-binary,104.151.70.194
424,Heriberto,Spurritt,hspurrittbr@huffingtonpost.com,Genderqueer,185.140.243.98
425,Callie,Klimkiewich,cklimkiewichbs@wordpress.org,Non-binary,199.191.217.55
426,Kenny,Presswell,kpresswellbt@vistaprint.com,Agender,182.79.112.196
427,Constance,Dorsett,cdorsettbu@artisteer.com,Non-binary,165.107.119.65
428,Barnett,Toynbee,btoynbeebv@icio.us,Polygender,155.236.35.61
429,Xylina,Este,xestebw@devhub.com,Genderqueer,251.71.224.255
430,Germayne,Boone,gboonebx@yahoo.com,Female,17.252.199.65
431,Frants,Stoffels,fstoffelsby@reuters.com,Female,204.172.17.97
432,Charles,Cunniff,ccunniffbz@pinterest.com,Bigender,127.180.121.179
433,Paulita,Torr,ptorrc0@nature.com,Non-binary,190.223.118.254
434,Talyah,Tench,ttenchc1@amazonaws.com,Agender,19.227.162.171
435,Fulton,Weakley,fweakleyc2@nhs.uk,Female,162.149.153.19
436,Linn,Cuttelar,lcuttelarc3@google.it,Bigender,20.161.223.130
437,Meara,Elrick,melrickc4@google.cn,Genderqueer,101.151.116.8
438,Max,MacDiarmond,mmacdiarmondc5@about.me,Male,60.35.233.85
439,Vlad,Janicijevic,vjanicijevicc6@vk.com,Polygender,171.180.155.205
440,Davin,Iacomo,diacomoc7@japanpost.jp,Male,141.97.184.210
441,Wallis,Harbert,wharbertc8@dailymail.co.uk,Female,154.103.171.16
442,Hermy,Quantrell,hquantrellc9@booking.com,Genderqueer,106.53.180.242
443,Ree,Frankcomb,rfrankcombca@mashable.com,Genderqueer,57.121.153.222
444,Gerald,Chippendale,gchippendalecb@chron.com,Genderfluid,93.173.89.36
445,Tomaso,McDarmid,tmcdarmidcc@shareasale.com,Male,221.10.166.68
446,Rip,Luten,rlutencd@disqus.com,Agender,39.98.162.155
447,Koo,Reville,krevillece@alexa.com,Bigender,17.63.203.9
448,Yvon,Pilcher,ypilchercf@shutterfly.com,Male,205.218.138.244
449,Lolly,Kochel,lkochelcg@cdbaby.com,Bigender,115.2.75.198
450,Waverly,Westcar,wwestcarch@noaa.gov,Polygender,225.244.237.99
451,Bridie,Downham,bdownhamci@geocities.com,Bigender,197.134.112.108
452,Desirae,Fenelow,dfenelowcj@dailymail.co.uk,Non-binary,12.16.218.207
453,Dewey,Wimes,dwimesck@telegraph.co.uk,Female,116.135.155.24
454,Chaunce,Joysey,cjoyseycl@npr.org,Genderfluid,26.21.139.119
455,Bruce,Kurt,bkurtcm@elegantthemes.com,Female,220.157.212.62
456,Arley,Capstack,acapstackcn@sourceforge.net,Bigender,10.227.143.104
457,Kaylyn,Dainty,kdaintyco@printfriendly.com,Genderfluid,90.0.194.124
458,Karlotte,Morcom,kmorcomcp@narod.ru,Bigender,7.205.75.134
459,Lincoln,Braiden,lbraidencq@opensource.org,Genderqueer,187.220.43.92
460,Giacopo,Teasdale-Markie,gteasdalemarkiecr@bloglovin.com,Bigender,220.89.144.65
461,Rancell,Habberjam,rhabberjamcs@wikispaces.com,Genderqueer,44.183.111.167
462,Harbert,Buffery,hbufferyct@prnewswire.com,Genderfluid,130.122.29.48
463,Carlos,Fritche,cfritchecu@e-recht24.de,Bigender,71.19.245.75
464,Abie,Geraldini,ageraldinicv@cbslocal.com,Male,130.198.145.79
465,Lita,Kybert,lkybertcw@privacy.gov.au,Genderfluid,32.142.168.71
466,Charlie,Fronczak,cfronczakcx@ustream.tv,Non-binary,189.66.121.160
467,Barnabe,Gommowe,bgommowecy@nps.gov,Genderfluid,178.89.117.87
468,Antonie,Cellone,acellonecz@smh.com.au,Bigender,129.1.12.114
469,Nelie,Tooze,ntoozed0@bigcartel.com,Genderqueer,196.15.172.39
470,Alfonse,Stampe,astamped1@fastcompany.com,Genderfluid,217.26.152.238
471,Michel,Bernaert,mbernaertd2@google.co.uk,Genderfluid,18.63.81.197
472,Carl,Canizares,ccanizaresd3@accuweather.com,Agender,254.22.115.178
473,Janek,Minear,jmineard4@salon.com,Genderfluid,45.216.150.125
474,Mendel,Jealous,mjealousd5@bizjournals.com,Agender,158.138.158.76
475,Alene,Gregolotti,agregolottid6@liveinternet.ru,Agender,150.5.27.170
476,Marillin,Maiklem,mmaiklemd7@cornell.edu,Agender,33.79.16.46
477,Julian,Keppel,jkeppeld8@delicious.com,Bigender,139.90.84.114
478,Claudianus,Betty,cbettyd9@bloglovin.com,Female,172.155.191.234
479,Kristi,Treswell,ktreswellda@icq.com,Non-binary,179.1.153.73
480,Ansel,Prentice,aprenticedb@bloomberg.com,Male,123.190.94.245
481,Agnella,Ayrs,aayrsdc@sciencedirect.com,Non-binary,196.8.90.39
482,Billye,Rigolle,brigolledd@yahoo.co.jp,Agender,238.79.189.172
483,Averil,Chaddock,achaddockde@home.pl,Male,193.35.42.189
484,Freeland,Camp,fcampdf@cam.ac.uk,Male,47.166.138.47
485,Rollie,Jedraszczyk,rjedraszczykdg@utexas.edu,Genderfluid,22.35.213.26
486,Valentino,Sneezum,vsneezumdh@homestead.com,Genderfluid,84.102.239.234
487,Charley,Tuffs,ctuffsdi@google.com,Non-binary,117.176.210.58
488,Brantley,Blazeby,bblazebydj@g.co,Female,238.165.184.173
489,Melamie,Teape,mteapedk@uol.com.br,Bigender,234.176.55.196
490,Cristal,Amorine,camorinedl@jiathis.com,Genderfluid,62.143.85.185
491,Walliw,Catlow,wcatlowdm@home.pl,Genderfluid,145.141.183.77
492,Kennith,Kirdsch,kkirdschdn@dot.gov,Female,222.142.44.84
493,Lorrayne,Bercevelo,lbercevelodo@rakuten.co.jp,Polygender,166.98.219.95
494,Ethel,Masterton,emastertondp@drupal.org,Genderfluid,98.184.142.228
495,Harlan,Ronaldson,hronaldsondq@printfriendly.com,Agender,87.46.100.237
496,Chickie,Oneal,conealdr@symantec.com,Agender,183.157.58.210
497,Fax,Call,fcallds@moonfruit.com,Non-binary,109.183.209.115
498,Evita,Pape,epapedt@google.fr,Non-binary,155.14.139.166
499,Cesare,Joseff,cjoseffdu@hao123.com,Female,242.121.158.156
500,Aurie,Goulbourn,agoulbourndv@about.com,Polygender,48.240.253.67
501,Somerset,Hallahan,shallahandw@house.gov,Non-binary,42.170.83.177
502,Dore,Faulo,dfaulodx@webmd.com,Genderfluid,253.78.247.93
503,Cad,Kubasiewicz,ckubasiewiczdy@blogspot.com,Non-binary,19.201.241.179
504,Angelina,Antley,aantleydz@geocities.com,Agender,128.116.83.254
505,Riley,Rummery,rrummerye0@adobe.com,Agender,41.202.77.37
506,Claudetta,Bouller,cboullere1@myspace.com,Female,174.249.56.92
507,Gael,LLelweln,gllelwelne2@biblegateway.com,Non-binary,60.182.211.189
508,Cookie,Roz,croze3@businessinsider.com,Polygender,169.61.142.113
509,Dacia,Oxterby,doxterbye4@vk.com,Bigender,105.88.249.116
510,Huntington,Diviney,hdivineye5@shutterfly.com,Genderfluid,4.46.66.31
511,Christie,Coraini,ccorainie6@hexun.com,Female,154.181.95.201
512,Timmie,Nudds,tnuddse7@tamu.edu,Polygender,49.134.10.53
513,Bald,Riglesford,briglesforde8@51.la,Female,183.185.9.189
514,Loella,Circuit,lcircuite9@barnesandnoble.com,Male,244.55.40.247
515,Nehemiah,Wegenen,nwegenenea@purevolume.com,Polygender,229.22.53.151
516,Jeno,Parish,jparisheb@aboutads.info,Agender,18.13.106.189
517,Lara,Mattack,lmattackec@comcast.net,Polygender,137.125.92.4
518,Sari,Coleiro,scoleiroed@vk.com,Agender,73.69.220.107
519,Desdemona,Winship,dwinshipee@home.pl,Female,216.108.126.42
520,Eddi,Amott,eamottef@intel.com,Genderqueer,44.234.206.196
521,Rivi,Engeham,rengehameg@examiner.com,Female,179.151.153.58
522,Britt,Obington,bobingtoneh@mtv.com,Agender,210.58.181.166
523,Calvin,Aleixo,caleixoei@wisc.edu,Non-binary,83.100.125.194
524,Paola,Marke,pmarkeej@harvard.edu,Polygender,34.35.86.127
525,Sandye,Pelerin,spelerinek@earthlink.net,Polygender,235.67.62.240
526,Josefa,Ugoletti,jugolettiel@icq.com,Genderqueer,250.246.57.45
527,Alleen,Klezmski,aklezmskiem@intel.com,Genderfluid,230.204.225.56
528,Bert,Scrivin,bscrivinen@cam.ac.uk,Male,233.247.84.39
529,Yard,Fawloe,yfawloeeo@networkadvertising.org,Female,141.244.190.114
530,Dermot,Fanthome,dfanthomeep@tripadvisor.com,Non-binary,130.254.161.73
531,Barney,Dmitrienko,bdmitrienkoeq@webs.com,Female,7.58.35.69
532,Curtice,Pecht,cpechter@google.es,Bigender,128.184.208.234
533,Cesar,Maddra,cmaddraes@home.pl,Female,165.205.234.192
534,Audrye,Atyea,aatyeaet@etsy.com,Agender,91.35.87.192
535,Erie,Parysiak,eparysiakeu@patch.com,Bigender,48.130.135.212
536,Carce,Coppin,ccoppinev@zimbio.com,Female,182.80.97.247
537,Dalt,Fitzsymon,dfitzsymonew@mozilla.org,Genderqueer,198.244.137.122
538,Leone,Petrasek,lpetrasekex@marriott.com,Male,143.253.46.151
539,Reilly,Veneur,rveneurey@theguardian.com,Female,238.194.51.189
540,Gerhardt,Weedall,gweedallez@fc2.com,Female,205.96.168.150
541,Cybill,Stollenbeck,cstollenbeckf0@istockphoto.com,Genderqueer,149.168.231.200
542,Marinna,Carreyette,mcarreyettef1@cisco.com,Polygender,120.115.225.115
543,Tannie,Fiddeman,tfiddemanf2@trellian.com,Bigender,208.186.247.161
544,Allix,Dufore,aduforef3@baidu.com,Bigender,38.100.98.9
545,Vanny,Yukhnin,vyukhninf4@reverbnation.com,Male,73.115.167.41
546,Kassia,Tregido,ktregidof5@thetimes.co.uk,Bigender,220.131.147.55
547,Prue,Gossington,pgossingtonf6@squidoo.com,Male,220.55.73.255
548,Kaspar,Kirkbride,kkirkbridef7@google.com.au,Genderqueer,97.68.223.72
549,Henryetta,Gurling,hgurlingf8@java.com,Genderqueer,206.52.248.174
550,Simeon,Pindell,spindellf9@g.co,Non-binary,242.37.124.249
551,Genovera,Braisted,gbraistedfa@cyberchimps.com,Female,66.156.41.221
552,Marsiella,Slowley,mslowleyfb@nifty.com,Bigender,251.120.111.107
553,Loreen,Housin,lhousinfc@cyberchimps.com,Genderfluid,185.142.157.103
554,Maisey,Cliffe,mcliffefd@amazon.co.jp,Female,64.103.128.202
555,Gordy,Morforth,gmorforthfe@quantcast.com,Genderfluid,32.190.228.132
556,Michaeline,Anlay,manlayff@nba.com,Female,33.79.242.142
557,Myca,Weyland,mweylandfg@mozilla.org,Male,122.222.106.189
558,Georgianne,Glackin,gglackinfh@yale.edu,Female,179.245.143.33
559,Ricard,Warricker,rwarrickerfi@angelfire.com,Bigender,55.150.228.8
560,Jerrilyn,Tonbye,jtonbyefj@auda.org.au,Polygender,217.7.87.47
561,Tracie,Gulliman,tgullimanfk@unicef.org,Non-binary,109.217.187.178
562,Dalia,Dieton,ddietonfl@ask.com,Polygender,141.140.89.17
563,Britney,Dunsleve,bdunslevefm@example.com,Male,139.151.69.167
564,Reta,Meeland,rmeelandfn@answers.com,Male,14.144.26.107
565,Rora,Greenroad,rgreenroadfo@instagram.com,Genderfluid,115.28.147.9
566,Cleo,Hawler,chawlerfp@jugem.jp,Agender,70.196.48.103
567,Priscella,Gonsalo,pgonsalofq@yandex.ru,Non-binary,223.65.202.188
568,Lief,Musker,lmuskerfr@shutterfly.com,Polygender,12.244.143.223
569,Judye,Mallia,jmalliafs@comcast.net,Female,209.210.136.147
570,Wynn,Winnett,wwinnettft@prnewswire.com,Genderqueer,81.116.96.63
571,Alice,Culpen,aculpenfu@1und1.de,Female,103.246.53.18
572,Siana,Rubinowitz,srubinowitzfv@trellian.com,Female,209.33.188.135
573,Devonne,Torr,dtorrfw@discuz.net,Female,142.230.223.46
574,Jennica,Luno,jlunofx@sitemeter.com,Genderqueer,158.83.63.226
575,Codi,Bergeau,cbergeaufy@google.de,Female,15.123.4.31
576,Kelcy,Drohan,kdrohanfz@hao123.com,Polygender,126.127.251.222
577,Norma,Cunnah,ncunnahg0@ameblo.jp,Genderfluid,192.167.184.249
578,Packston,Pithie,ppithieg1@cmu.edu,Polygender,158.125.62.147
579,Bess,Alasdair,balasdairg2@google.es,Agender,221.1.128.15
580,Hunt,Mattielli,hmattiellig3@dailymail.co.uk,Female,41.133.103.195
581,Emiline,Calwell,ecalwellg4@mozilla.com,Male,158.238.44.128
582,Vivienne,Panner,vpannerg5@aol.com,Genderqueer,169.124.147.249
583,Englebert,Lempel,elempelg6@wunderground.com,Non-binary,236.31.80.254
584,Ludovico,McLurg,lmclurgg7@nationalgeographic.com,Female,177.165.89.173
585,Fields,Peele,fpeeleg8@storify.com,Bigender,122.218.205.36
586,Yolanthe,Bloomfield,ybloomfieldg9@webs.com,Genderfluid,148.114.113.208
587,Byrle,Simonazzi,bsimonazziga@icq.com,Genderfluid,243.83.235.175
588,Sara,Minette,sminettegb@wp.com,Genderqueer,32.212.197.243
589,Shawnee,Gitting,sgittinggc@patch.com,Female,196.41.197.95
590,Katti,Poolman,kpoolmangd@prweb.com,Male,88.130.161.46
591,Alleen,Blown,ablownge@timesonline.co.uk,Male,217.222.136.193
592,Julieta,Mehew,jmehewgf@typepad.com,Genderfluid,13.8.178.118
593,Alyda,Lacaze,alacazegg@wikispaces.com,Agender,58.33.129.170
594,Abagael,Ballingal,aballingalgh@statcounter.com,Genderfluid,103.37.207.242
595,Cornie,Castledine,ccastledinegi@china.com.cn,Polygender,252.3.122.253
596,Tamera,Khrishtafovich,tkhrishtafovichgj@google.it,Bigender,206.187.231.237
597,Adrian,Frowde,afrowdegk@google.co.jp,Bigender,69.185.165.12
598,Agna,Habbeshaw,ahabbeshawgl@xing.com,Bigender,251.150.124.159
599,Reginauld,Fausch,rfauschgm@amazon.co.jp,Polygender,26.107.60.219
600,Patty,Port,pportgn@ebay.co.uk,Non-binary,33.73.140.206
601,Faye,Croot,fcrootgo@google.es,Polygender,166.94.118.47
602,Joyann,Dimeloe,jdimeloegp@chicagotribune.com,Non-binary,8.222.189.5
603,Chlo,Hainsworth,chainsworthgq@domainmarket.com,Male,154.161.231.104
604,Alecia,Daintith,adaintithgr@noaa.gov,Agender,245.134.117.99
605,Kaitlynn,Roullier,kroulliergs@guardian.co.uk,Bigender,102.194.116.197
606,Beatriz,Dyneley,bdyneleygt@hubpages.com,Bigender,251.108.90.112
607,Krissy,Kellen,kkellengu@phoca.cz,Non-binary,250.9.215.212
608,Morty,Welling,mwellinggv@hubpages.com,Genderqueer,207.37.182.35
609,Valentine,Shaylor,vshaylorgw@pbs.org,Male,247.56.108.216
610,Rolfe,Macken,rmackengx@instagram.com,Genderfluid,45.245.47.235
611,Kaleena,Berryman,kberrymangy@unblog.fr,Genderqueer,67.33.88.0
612,Ebenezer,Woolis,ewoolisgz@cisco.com,Genderqueer,30.134.100.209
613,Boyd,Powlett,bpowletth0@ox.ac.uk,Genderqueer,66.56.178.40
614,Linn,Kemston,lkemstonh1@mail.ru,Female,15.173.97.166
615,Lem,Semrad,lsemradh2@jugem.jp,Bigender,27.57.117.94
616,Angelique,Sherston,asherstonh3@si.edu,Polygender,190.43.60.161
617,Gerhardine,Jedrzej,gjedrzejh4@umn.edu,Genderfluid,1.115.58.254
618,Efrem,McGall,emcgallh5@mashable.com,Agender,197.25.213.144
619,Bard,Burgh,bburghh6@google.cn,Polygender,128.165.160.4
620,Colet,McCane,cmccaneh7@fda.gov,Genderqueer,231.160.158.113
621,Bertina,Sorey,bsoreyh8@behance.net,Genderqueer,117.252.166.25
622,Mariette,Woolward,mwoolwardh9@indiatimes.com,Non-binary,116.86.230.29
623,Hector,Pomphrett,hpomphrettha@earthlink.net,Male,171.60.202.63
624,Annora,Dagwell,adagwellhb@xinhuanet.com,Non-binary,67.138.105.3
625,Shawna,De la Yglesias,sdelayglesiashc@photobucket.com,Polygender,185.204.153.181
626,Andrey,Pace,apacehd@netvibes.com,Genderqueer,246.79.137.86
627,Barr,Scini,bscinihe@europa.eu,Bigender,70.233.53.177
628,Moria,Niezen,mniezenhf@tripod.com,Bigender,135.21.252.104
629,Kamillah,Penburton,kpenburtonhg@mashable.com,Female,211.56.121.108
630,Gradeigh,Guest,gguesthh@desdev.cn,Polygender,142.206.228.224
631,Theodosia,Jeckells,tjeckellshi@sbwire.com,Female,163.21.130.92
632,Evania,Dightham,edighthamhj@miibeian.gov.cn,Female,64.223.180.152
633,Norina,Embling,nemblinghk@yahoo.co.jp,Bigender,57.123.234.139
634,Rita,Bromet,rbromethl@bbc.co.uk,Male,224.78.255.237
635,Tibold,Sudell,tsudellhm@usnews.com,Bigender,220.146.111.75
636,Alley,Braid,abraidhn@hp.com,Polygender,44.14.231.158
637,Jennette,Zisneros,jzisnerosho@i2i.jp,Male,16.105.135.166
638,Tobit,McClaughlin,tmcclaughlinhp@paypal.com,Male,121.110.38.166
639,Zebulon,Sirette,zsirettehq@infoseek.co.jp,Male,59.26.153.37
640,Jayme,Kermannes,jkermanneshr@engadget.com,Genderfluid,33.180.126.35
641,Donnell,Chessell,dchessellhs@opensource.org,Genderfluid,3.34.169.67
642,Aleksandr,Beynon,abeynonht@chicagotribune.com,Male,149.233.55.62
643,Melania,Chasemoore,mchasemoorehu@dot.gov,Polygender,167.111.249.60
644,Si,Roycroft,sroycrofthv@independent.co.uk,Non-binary,151.225.76.158
645,Somerset,Kenchington,skenchingtonhw@npr.org,Genderqueer,148.84.11.187
646,Vladimir,Satterly,vsatterlyhx@so-net.ne.jp,Genderqueer,142.146.107.202
647,Raquela,Adame,radamehy@symantec.com,Female,228.29.186.6
648,Carlin,Harfleet,charfleethz@bloglines.com,Genderfluid,9.64.204.6
649,Olimpia,Boydon,oboydoni0@over-blog.com,Genderqueer,168.52.242.156
650,Harp,Copley,hcopleyi1@zimbio.com,Non-binary,125.144.30.164
651,Marline,Ditter,mditteri2@live.com,Female,62.78.59.59
652,Bryce,Vidloc,bvidloci3@google.ca,Non-binary,236.77.135.67
653,Paloma,Glaisner,pglaisneri4@psu.edu,Genderfluid,115.31.224.216
654,Jacinthe,Semmence,jsemmencei5@meetup.com,Genderqueer,134.175.95.48
655,Rheta,Karsh,rkarshi6@wufoo.com,Non-binary,24.103.86.142
656,Vivie,Kaindl,vkaindli7@dot.gov,Bigender,35.206.63.217
657,Bunnie,Rozier,brozieri8@over-blog.com,Genderqueer,55.188.115.145
658,Marja,Levecque,mlevecquei9@jugem.jp,Genderfluid,128.105.113.160
659,Gerry,Gabitis,ggabitisia@wikispaces.com,Genderfluid,247.95.221.138
660,Yuma,Pitcaithley,ypitcaithleyib@netlog.com,Polygender,92.38.86.129
661,Sayres,Jacobowitz,sjacobowitzic@pen.io,Genderfluid,161.155.115.49
662,Lisa,Challener,lchallenerid@godaddy.com,Bigender,163.83.192.50
663,Alvie,Chess,achessie@jimdo.com,Genderqueer,81.212.6.211
664,Allissa,Roughsedge,aroughsedgeif@webmd.com,Genderfluid,9.13.19.73
665,Astra,Skatcher,askatcherig@about.com,Genderqueer,177.72.36.19
666,Howey,Fischer,hfischerih@reuters.com,Genderfluid,119.42.43.32
667,Mollie,Galiford,mgalifordii@homestead.com,Polygender,115.255.52.227
668,Jamesy,Scouse,jscouseij@printfriendly.com,Female,119.203.61.191
669,Reinaldo,Wernham,rwernhamik@forbes.com,Male,119.193.39.247
670,Tracie,Dalloway,tdallowayil@prlog.org,Genderfluid,52.124.77.38
671,Mike,Scimone,mscimoneim@whitehouse.gov,Non-binary,88.244.235.226
672,Mervin,Jeratt,mjerattin@slideshare.net,Agender,91.209.144.149
673,Dennet,Rapaport,drapaportio@cdbaby.com,Agender,56.30.7.26
674,Maureene,Raulston,mraulstonip@ovh.net,Genderqueer,188.172.15.254
675,Ariel,Wallsam,awallsamiq@csmonitor.com,Female,191.187.40.217
676,Whitaker,Luscombe,wluscombeir@mayoclinic.com,Female,232.81.99.164
677,Micheline,Collyns,mcollynsis@walmart.com,Male,34.210.40.185
678,Codee,Menilove,cmeniloveit@usnews.com,Agender,173.32.169.9
679,Lorrin,Eshmade,leshmadeiu@reverbnation.com,Bigender,38.46.61.192
680,Felice,Wride,fwrideiv@blinklist.com,Polygender,247.102.138.121
681,Traver,Sigart,tsigartiw@vistaprint.com,Polygender,230.158.93.225
682,Layton,Vise,lviseix@theatlantic.com,Polygender,203.100.205.192
683,Felizio,MacKibbon,fmackibboniy@wordpress.com,Genderfluid,31.35.78.122
684,Adora,Bruniges,abrunigesiz@cpanel.net,Non-binary,226.15.29.50
685,Jenni,Doring,jdoringj0@slate.com,Female,151.131.69.4
686,Carolee,Sinott,csinottj1@ezinearticles.com,Female,188.159.173.56
687,Tynan,Catton,tcattonj2@drupal.org,Bigender,158.131.132.41
688,Martelle,Roizn,mroiznj3@cnet.com,Non-binary,101.244.200.15
689,Clareta,Cottisford,ccottisfordj4@bandcamp.com,Genderqueer,122.40.202.35
690,Gardie,Broadbere,gbroadberej5@printfriendly.com,Bigender,82.188.28.187
691,Joyan,Gullen,jgullenj6@tinypic.com,Genderqueer,69.171.105.213
692,Jeffie,Petras,jpetrasj7@dell.com,Female,1.141.63.50
693,Onfre,Charle,ocharlej8@geocities.com,Genderqueer,65.68.37.88
694,Fidela,Cordelet,fcordeletj9@berkeley.edu,Male,171.10.29.134
695,Nolly,Paquet,npaquetja@ifeng.com,Genderfluid,159.10.37.63
696,Kiley,Lomaz,klomazjb@macromedia.com,Genderfluid,138.135.188.65
697,Yovonnda,Waight,ywaightjc@domainmarket.com,Male,224.193.116.128
698,Clementius,Delamaine,cdelamainejd@is.gd,Non-binary,207.111.76.23
699,Moe,Yanyushkin,myanyushkinje@free.fr,Non-binary,207.38.71.53
700,Hilliard,Scurrah,hscurrahjf@uol.com.br,Bigender,241.31.222.96
701,Delano,Smartman,dsmartmanjg@umn.edu,Female,85.106.132.56
702,Scotty,Sterricks,ssterricksjh@dmoz.org,Agender,160.34.36.21
703,Ulises,Robotham,urobothamji@sitemeter.com,Non-binary,39.37.147.31
704,Ludwig,Bennallck,lbennallckjj@mayoclinic.com,Bigender,190.203.42.83
705,Derron,Samter,dsamterjk@baidu.com,Non-binary,172.166.236.233
706,Doroteya,Steagall,dsteagalljl@who.int,Polygender,95.198.145.153
707,Rhiamon,Dahlman,rdahlmanjm@mit.edu,Male,109.58.128.98
708,Daveta,Sirette,dsirettejn@about.com,Genderqueer,229.246.250.26
709,Hanan,Mounsie,hmounsiejo@google.es,Bigender,243.46.84.51
710,Noland,Dadge,ndadgejp@google.com.hk,Bigender,11.39.183.136
711,Devi,Jillins,djillinsjq@prlog.org,Bigender,7.252.226.135
712,Kyle,Glyde,kglydejr@ucoz.com,Non-binary,149.138.198.227
713,Ludovika,Boord,lboordjs@dmoz.org,Genderfluid,189.21.100.213
714,Anselm,Aveson,aavesonjt@ft.com,Agender,80.166.252.90
715,Enrico,Maynard,emaynardju@google.de,Bigender,34.168.130.85
716,Timmie,Withinshaw,twithinshawjv@ow.ly,Bigender,119.145.8.1
717,Charmian,Trembath,ctrembathjw@newsvine.com,Male,77.36.200.200
718,Monty,Nassy,mnassyjx@ucla.edu,Agender,112.28.81.139
719,Paco,Flawith,pflawithjy@alexa.com,Male,27.1.135.22
720,Shermie,Bogays,sbogaysjz@mapy.cz,Non-binary,23.189.152.191
721,Euphemia,Lammas,elammask0@tmall.com,Genderfluid,133.186.132.210
722,Dalia,Aggett,daggettk1@123-reg.co.uk,Male,154.251.171.216
723,Diana,Goldin,dgoldink2@newsvine.com,Bigender,164.195.236.9
724,Julianne,Garvagh,jgarvaghk3@springer.com,Polygender,195.244.72.81
725,Denyse,Greggersen,dgreggersenk4@nhs.uk,Genderqueer,57.66.88.215
726,Mirabelle,Noli,mnolik5@ted.com,Genderfluid,223.62.212.159
727,Dur,Pothecary,dpothecaryk6@shutterfly.com,Genderqueer,162.2.164.72
728,Adela,Pezey,apezeyk7@icq.com,Bigender,213.80.72.156
729,Jeffry,Pallis,jpallisk8@disqus.com,Genderfluid,92.12.137.154
730,Vicki,Findlay,vfindlayk9@ustream.tv,Agender,46.54.200.137
731,Rubia,Kunzel,rkunzelka@abc.net.au,Male,5.40.183.201
732,Bonni,Jeannin,bjeanninkb@hatena.ne.jp,Non-binary,33.149.32.229
733,Genevra,Sellwood,gsellwoodkc@studiopress.com,Genderfluid,245.251.152.219
734,Angus,Margiotta,amargiottakd@creativecommons.org,Genderqueer,114.207.194.249
735,Nevsa,Odby,nodbyke@ebay.co.uk,Polygender,111.113.207.119
736,Tildy,Baptist,tbaptistkf@slashdot.org,Polygender,16.176.21.48
737,Jamaal,Haken,jhakenkg@printfriendly.com,Agender,185.178.131.197
738,Ellery,Uzzell,euzzellkh@yandex.ru,Genderqueer,174.110.187.233
739,Oliver,O'Hone,oohoneki@cbsnews.com,Genderqueer,213.5.38.176
740,Jeremias,Goodhay,jgoodhaykj@buzzfeed.com,Non-binary,181.193.34.31
741,Cobby,Yegorchenkov,cyegorchenkovkk@freewebs.com,Non-binary,12.27.167.82
742,Babette,Dumbrall,bdumbrallkl@cafepress.com,Male,199.94.162.159
743,Danell,Fullard,dfullardkm@un.org,Female,146.79.16.29
744,Chaunce,Folshom,cfolshomkn@youku.com,Genderfluid,2.84.98.169
745,Jorge,Tosh,jtoshko@123-reg.co.uk,Agender,156.125.236.117
746,Patrica,Glantz,pglantzkp@rediff.com,Non-binary,5.126.234.107
747,Barbabra,Binge,bbingekq@uiuc.edu,Female,159.133.162.42
748,Ellyn,Del Dello,edeldellokr@cisco.com,Polygender,60.240.88.235
749,Jacobo,Sunley,jsunleyks@prweb.com,Genderqueer,135.200.158.136
750,Ettore,Gatheridge,egatheridgekt@wunderground.com,Genderfluid,90.113.86.192
751,Perry,Jorez,pjorezku@about.me,Non-binary,64.193.48.110
752,Abeu,Dainter,adainterkv@wikia.com,Genderqueer,98.147.95.212
753,Charisse,Atwell,catwellkw@friendfeed.com,Genderqueer,98.94.125.101
754,Ava,Fayre,afayrekx@usda.gov,Polygender,181.69.135.206
755,Nicole,Drewitt,ndrewittky@hibu.com,Genderqueer,71.236.111.134
756,Lucian,Errichi,lerrichikz@sourceforge.net,Polygender,17.218.196.177
757,Stuart,Killerby,skillerbyl0@t.co,Genderqueer,93.214.81.252
758,Helaine,Garford,hgarfordl1@merriam-webster.com,Bigender,5.1.171.216
759,Raviv,Awcoate,rawcoatel2@jiathis.com,Genderfluid,86.101.155.171
760,Antonie,Kopf,akopfl3@nationalgeographic.com,Agender,146.11.15.155
761,Luce,Downing,ldowningl4@bluehost.com,Non-binary,216.232.165.93
762,Marlon,Lowdiane,mlowdianel5@ebay.co.uk,Male,122.124.139.151
763,Angie,Crummey,acrummeyl6@reverbnation.com,Non-binary,39.204.43.116
764,Felecia,Shoute,fshoutel7@goodreads.com,Female,95.127.69.48
765,Vitoria,Cloney,vcloneyl8@ox.ac.uk,Agender,153.60.93.135
766,Candi,Aldersey,calderseyl9@google.cn,Male,137.154.217.241
767,Katrina,Cottingham,kcottinghamla@ucoz.ru,Female,214.83.122.46
768,Jeniffer,Alliban,jallibanlb@mozilla.com,Genderqueer,118.249.92.101
769,Sargent,Berni,sbernilc@patch.com,Bigender,136.30.108.30
770,Kyla,Pabel,kpabelld@usda.gov,Non-binary,251.230.154.255
771,Lusa,Cardenosa,lcardenosale@blogs.com,Genderfluid,152.119.39.93
772,Wallie,Hubeaux,whubeauxlf@samsung.com,Genderfluid,193.66.225.185
773,Claire,Mounce,cmouncelg@blogspot.com,Genderfluid,76.203.98.96
774,Denys,Barfoot,dbarfootlh@ihg.com,Polygender,131.3.200.200
775,Ruthy,Romeuf,rromeufli@ucsd.edu,Bigender,192.44.67.190
776,Elisa,Klimkin,eklimkinlj@amazon.co.uk,Bigender,60.129.1.29
777,Millie,Snelman,msnelmanlk@usgs.gov,Bigender,25.109.234.31
778,Kiley,Wellfare,kwellfarell@google.com.au,Genderqueer,210.65.172.1
779,Benedict,McLevie,bmclevielm@eepurl.com,Genderqueer,82.191.12.246
780,Sal,Verryan,sverryanln@diigo.com,Non-binary,71.74.181.103
781,Marcelia,Stallon,mstallonlo@fastcompany.com,Polygender,76.159.188.121
782,Rey,Craighall,rcraighalllp@home.pl,Genderqueer,5.84.218.37
783,Orelia,Ruffles,oruffleslq@gmpg.org,Agender,9.124.33.42
784,Lindi,Sapsforde,lsapsfordelr@mit.edu,Bigender,49.125.82.4
785,Geoff,Spurdle,gspurdlels@blogspot.com,Non-binary,251.15.213.100
786,Gaspard,Lamberts,glambertslt@accuweather.com,Genderfluid,42.18.246.74
787,Barde,Arundale,barundalelu@gizmodo.com,Agender,39.52.23.202
788,Alyss,Sayer,asayerlv@facebook.com,Bigender,141.87.50.12
789,Jada,Gonzalo,jgonzalolw@creativecommons.org,Female,114.0.173.90
790,Phillida,Lyles,plyleslx@mapquest.com,Genderqueer,202.71.54.166
791,Sarena,Addie,saddiely@discuz.net,Male,40.210.175.209
792,Cherin,Oxterby,coxterbylz@deviantart.com,Bigender,88.148.27.109
793,Amberly,Sigward,asigwardm0@ihg.com,Bigender,191.152.246.36
794,Cedric,Ryder,cryderm1@sciencedaily.com,Female,178.239.15.122
795,Mahala,Woodhead,mwoodheadm2@csmonitor.com,Bigender,131.6.219.195
796,Beth,Jurczyk,bjurczykm3@hibu.com,Genderfluid,27.50.248.186
797,Antonietta,Shailer,ashailerm4@dot.gov,Genderfluid,149.117.169.135
798,Joshuah,Dulinty,jdulintym5@mediafire.com,Female,4.42.203.246
799,Travis,Yule,tyulem6@wikipedia.org,Genderqueer,202.217.99.160
800,Jamison,Dennis,jdennism7@cnet.com,Polygender,78.211.57.143
801,Leandra,Raven,lravenm8@cnet.com,Non-binary,162.140.213.188
802,Rebekah,Aspital,raspitalm9@simplemachines.org,Polygender,188.111.63.15
803,Myer,O'Hagirtie,mohagirtiema@last.fm,Agender,130.69.5.163
804,Rosie,Mervyn,rmervynmb@github.com,Polygender,193.74.126.229
805,La verne,Rawstorne,lrawstornemc@bloomberg.com,Male,180.51.105.57
806,Wade,Lengthorn,wlengthornmd@china.com.cn,Female,79.103.198.24
807,Cloe,Fawbert,cfawbertme@oaic.gov.au,Male,240.178.107.242
808,Wright,Harcase,wharcasemf@virginia.edu,Agender,206.1.215.7
809,Orelia,Vears,ovearsmg@php.net,Male,67.61.30.212
810,Maisey,Caseley,mcaseleymh@bing.com,Polygender,199.120.31.222
811,Aura,Shobrook,ashobrookmi@hhs.gov,Polygender,75.140.201.20
812,Gregorius,Worrall,gworrallmj@netlog.com,Polygender,11.30.248.246
813,Kimmie,Landes,klandesmk@symantec.com,Bigender,103.49.1.195
814,Luciano,Firebrace,lfirebraceml@blogtalkradio.com,Genderqueer,221.148.206.124
815,Ezequiel,Ethersey,eetherseymm@businessweek.com,Male,252.127.234.164
816,Carl,Rosiello,crosiellomn@ehow.com,Genderqueer,196.169.245.241
817,Karlotte,Larcier,klarciermo@msu.edu,Genderfluid,180.153.205.178
818,Mersey,Scottesmoor,mscottesmoormp@cnn.com,Genderqueer,189.33.35.68
819,Vincent,Deards,vdeardsmq@tripod.com,Female,37.66.251.252
820,Ed,Fadden,efaddenmr@ow.ly,Agender,110.68.151.231
821,Darlene,Mohun,dmohunms@shareasale.com,Polygender,17.205.75.176
822,Arlie,Carme,acarmemt@shareasale.com,Female,168.117.216.241
823,Chastity,Clausewitz,cclausewitzmu@house.gov,Female,71.128.58.193
824,Chere,Grogor,cgrogormv@auda.org.au,Polygender,2.18.145.200
825,Berny,Geldart,bgeldartmw@sitemeter.com,Female,187.142.71.245
826,Niko,Goseling,ngoselingmx@soup.io,Genderfluid,21.145.181.79
827,Leland,Jervois,ljervoismy@dot.gov,Bigender,136.171.183.211
828,Graham,Bouller,gboullermz@google.com,Bigender,99.72.83.111
829,Roxi,Pountney,rpountneyn0@dot.gov,Female,212.25.80.216
830,Jerri,Butter,jbuttern1@sourceforge.net,Polygender,7.99.178.136
831,Finlay,Nealand,fnealandn2@dell.com,Male,235.49.47.104
832,Adrianna,Devall,adevalln3@drupal.org,Female,218.244.220.227
833,Hettie,Dows,hdowsn4@360.cn,Agender,2.177.224.151
834,Noll,Patington,npatingtonn5@redcross.org,Agender,223.122.25.150
835,Claybourne,Giddons,cgiddonsn6@chronoengine.com,Polygender,220.96.214.168
836,Gian,Kynder,gkyndern7@uiuc.edu,Female,232.18.250.242
837,Pegeen,Clampin,pclampinn8@apache.org,Polygender,170.233.197.231
838,El,Astlatt,eastlattn9@joomla.org,Male,200.180.10.156
839,Alec,Stadding,astaddingna@wikipedia.org,Bigender,243.144.218.33
840,Zita,Kleinpeltz,zkleinpeltznb@princeton.edu,Genderqueer,31.66.247.253
841,Valentijn,McKeaveney,vmckeaveneync@chron.com,Agender,169.56.38.138
842,Zachariah,Tanner,ztannernd@skype.com,Bigender,8.164.169.232
843,Aloise,Girvan,agirvanne@symantec.com,Non-binary,219.223.219.43
844,Mignon,Gerdts,mgerdtsnf@yellowpages.com,Bigender,45.28.14.45
845,Harvey,Sooper,hsooperng@senate.gov,Polygender,70.211.96.38
846,Burnaby,Pelman,bpelmannh@free.fr,Male,7.109.130.198
847,Netti,Aleswell,naleswellni@devhub.com,Agender,100.148.149.21
848,Kary,Brierly,kbrierlynj@printfriendly.com,Polygender,185.223.129.162
849,Robinia,Musselwhite,rmusselwhitenk@berkeley.edu,Agender,100.193.162.26
850,Mirella,MattiCCI,mmatticcinl@163.com,Genderfluid,58.139.103.149
851,Rosaline,Macek,rmaceknm@sciencedaily.com,Polygender,33.45.64.33
852,Lamond,Hards,lhardsnn@spiegel.de,Agender,141.134.90.235
853,Iona,Chaston,ichastonno@i2i.jp,Non-binary,113.95.228.237
854,Estele,Blaydon,eblaydonnp@youtube.com,Polygender,22.12.65.20
855,Ibby,Eversfield,ieversfieldnq@clickbank.net,Genderqueer,233.233.21.216
856,Krystal,Campana,kcampananr@europa.eu,Agender,71.225.57.90
857,Otho,Inchboard,oinchboardns@wordpress.com,Polygender,203.93.29.227
858,Nadean,Pridgeon,npridgeonnt@1und1.de,Non-binary,1.126.126.216
859,Nolie,Robert,nrobertnu@nymag.com,Non-binary,205.241.178.93
860,Ashlin,Weedall,aweedallnv@cnet.com,Male,84.194.218.32
861,Winnah,Skelhorn,wskelhornnw@dagondesign.com,Agender,140.145.77.47
862,Roana,Danhel,rdanhelnx@studiopress.com,Polygender,110.122.182.1
863,Oralie,Mathiasen,omathiasenny@booking.com,Polygender,192.136.12.182
864,Laurent,Dufour,ldufournz@merriam-webster.com,Non-binary,98.10.37.72
865,Josephine,Brosch,jbroscho0@flickr.com,Bigender,3.125.251.151
866,Winn,Valadez,wvaladezo1@networkadvertising.org,Genderfluid,121.146.22.93
867,Cody,Iglesias,ciglesiaso2@github.io,Male,104.169.140.1
868,Carmelle,Celloni,ccellonio3@qq.com,Genderfluid,118.145.64.172
869,Huntington,Jedrzejczyk,hjedrzejczyko4@sbwire.com,Male,202.91.225.53
870,Branden,Jude,bjudeo5@salon.com,Male,98.198.136.195
871,Kelci,Whitlaw,kwhitlawo6@ifeng.com,Non-binary,238.205.213.137
872,Appolonia,Levington,alevingtono7@reference.com,Genderfluid,246.43.21.151
873,Gerianna,Dallander,gdallandero8@ucoz.ru,Agender,158.8.226.214
874,Emilee,Thorneloe,ethorneloeo9@un.org,Female,33.83.128.197
875,Mariquilla,Palluschek,mpalluschekoa@1688.com,Bigender,16.85.5.15
876,Packston,Chalcraft,pchalcraftob@gnu.org,Genderqueer,79.204.30.43
877,Myrah,Peverell,mpeverelloc@google.es,Non-binary,239.86.147.198
878,Grange,Tellenbrook,gtellenbrookod@miitbeian.gov.cn,Male,148.122.196.237
879,Georg,Renny,grennyoe@usatoday.com,Male,207.78.66.243
880,Harri,Beldon,hbeldonof@google.com,Male,89.71.227.202
881,Sean,Fremantle,sfremantleog@marriott.com,Agender,72.96.117.151
882,Carol,Bick,cbickoh@tinypic.com,Bigender,43.13.235.222
883,Emilie,Sennett,esennettoi@guardian.co.uk,Male,232.39.8.18
884,Kilian,Ferraro,kferrarooj@uol.com.br,Polygender,148.12.50.227
885,Devland,Clewarth,dclewarthok@hostgator.com,Bigender,112.188.178.150
886,Penn,Lashmore,plashmoreol@epa.gov,Female,20.97.4.27
887,Reinaldo,Wield,rwieldom@hibu.com,Female,146.153.172.10
888,Chickie,Betz,cbetzon@ucsd.edu,Agender,228.118.5.95
889,Val,Lomaz,vlomazoo@ox.ac.uk,Genderqueer,184.12.248.5
890,Lynnette,Taile,ltaileop@dell.com,Male,92.87.206.226
891,Tomasina,Duplain,tduplainoq@macromedia.com,Agender,72.52.50.91
892,Falito,Buist,fbuistor@barnesandnoble.com,Male,162.162.147.5
893,Annamaria,Southern,asouthernos@example.com,Agender,251.122.181.5
894,Agnola,Stannah,astannahot@ft.com,Genderfluid,0.246.189.94
895,Isa,Girauld,igirauldou@liveinternet.ru,Non-binary,171.108.88.129
896,Westleigh,MacArd,wmacardov@360.cn,Polygender,231.36.109.179
897,Loutitia,Philpots,lphilpotsow@cpanel.net,Polygender,167.78.160.24
898,Dru,Troop,dtroopox@craigslist.org,Genderqueer,88.204.213.248
899,Eveline,Walne,ewalneoy@discuz.net,Female,151.148.133.24
900,Shelby,Francesco,sfrancescooz@berkeley.edu,Genderqueer,100.19.60.138
901,Joshia,Skeates,jskeatesp0@virginia.edu,Bigender,57.38.10.159
902,Laurette,McQuillan,lmcquillanp1@washington.edu,Polygender,167.42.120.148
903,Willi,Gorgl,wgorglp2@tinyurl.com,Agender,23.8.209.254
904,Dominica,Barrass,dbarrassp3@marriott.com,Genderqueer,5.244.209.209
905,Cristen,Rentcome,crentcomep4@nature.com,Genderqueer,243.118.104.21
906,Ibby,Swannell,iswannellp5@nsw.gov.au,Agender,13.131.16.18
907,Milt,Flaws,mflawsp6@homestead.com,Polygender,68.122.238.133
908,Darbie,Dinsey,ddinseyp7@meetup.com,Agender,1.114.21.57
909,Phyllys,Bennedsen,pbennedsenp8@surveymonkey.com,Male,195.133.74.59
910,Felicdad,Lantaff,flantaffp9@house.gov,Male,102.34.223.178
911,Sephira,Jaggi,sjaggipa@google.co.uk,Bigender,126.162.117.70
912,Sher,Saiz,ssaizpb@theglobeandmail.com,Non-binary,140.191.5.100
913,Nathalie,Fewtrell,nfewtrellpc@ucoz.ru,Polygender,59.196.65.146
914,Munmro,O'Loughlin,moloughlinpd@discuz.net,Polygender,252.102.149.16
915,Elbert,Seabrook,eseabrookpe@washingtonpost.com,Genderqueer,93.235.84.29
916,Darnall,Lush,dlushpf@acquirethisname.com,Non-binary,137.8.158.162
917,Linea,Marlon,lmarlonpg@delicious.com,Bigender,151.236.182.181
918,Calida,Caldeiro,ccaldeiroph@sciencedirect.com,Polygender,170.210.179.228
919,Allyson,Izacenko,aizacenkopi@virginia.edu,Male,248.247.35.183
920,Bud,Howat,bhowatpj@go.com,Genderqueer,49.103.146.117
921,Ahmed,Raffles,arafflespk@theguardian.com,Non-binary,54.146.183.204
922,Godart,Beaulieu,gbeaulieupl@foxnews.com,Bigender,122.91.100.74
923,Barry,Pantone,bpantonepm@tamu.edu,Genderfluid,198.77.199.207
924,Letisha,Skingley,lskingleypn@discuz.net,Bigender,9.175.215.229
925,Carlynn,Sturridge,csturridgepo@squidoo.com,Polygender,76.72.81.40
926,Lucita,Furminger,lfurmingerpp@buzzfeed.com,Male,19.240.99.127
927,Germain,de Vaen,gdevaenpq@oaic.gov.au,Genderqueer,203.237.103.138
928,Steward,Piaggia,spiaggiapr@marketwatch.com,Non-binary,132.157.176.74
929,Nadia,Dawney,ndawneyps@redcross.org,Male,28.204.164.180
930,Issy,Duggan,idugganpt@mysql.com,Polygender,22.116.188.221
931,Shurwood,Sculpher,ssculpherpu@huffingtonpost.com,Bigender,129.57.109.105
932,Katheryn,Sibbit,ksibbitpv@walmart.com,Bigender,151.190.103.201
933,Jack,Wiskar,jwiskarpw@mtv.com,Non-binary,70.201.9.14
934,Marysa,McKenna,mmckennapx@nyu.edu,Bigender,194.244.99.254
935,Selene,Ash,sashpy@icq.com,Bigender,153.185.140.53
936,Rosina,Szachniewicz,rszachniewiczpz@hhs.gov,Bigender,28.75.236.31
937,Sada,Forster,sforsterq0@vimeo.com,Genderfluid,141.171.17.29
938,Dewitt,Crampsey,dcrampseyq1@booking.com,Genderfluid,46.119.173.224
939,Selena,Wanley,swanleyq2@cnet.com,Genderqueer,243.115.49.184
940,Alwin,Dodson,adodsonq3@1688.com,Female,116.79.218.163
941,Jacki,Francino,jfrancinoq4@ovh.net,Agender,149.41.172.254
942,Lyndsie,Thornton,lthorntonq5@rakuten.co.jp,Female,243.119.9.66
943,Greer,Snodin,gsnodinq6@hp.com,Male,29.83.209.237
944,Yetta,O'Donnell,yodonnellq7@gizmodo.com,Genderqueer,25.83.164.247
945,Enrico,Williment,ewillimentq8@hostgator.com,Genderqueer,28.197.91.162
946,Christabel,Tollerfield,ctollerfieldq9@phpbb.com,Bigender,149.151.147.189
947,Khalil,Busain,kbusainqa@dedecms.com,Non-binary,29.122.151.116
948,Terrell,Nancekivell,tnancekivellqb@shop-pro.jp,Genderqueer,170.194.17.10
949,Casie,Glenny,cglennyqc@blogtalkradio.com,Genderqueer,41.243.158.218
950,Jaquenette,Nairns,jnairnsqd@ted.com,Male,162.95.83.55
951,Bianca,Toulamain,btoulamainqe@usatoday.com,Male,182.12.49.40
952,Celka,Mackiewicz,cmackiewiczqf@twitter.com,Polygender,178.114.21.12
953,Guthrey,Timbs,gtimbsqg@webmd.com,Male,134.72.145.84
954,Cristie,Heningham,cheninghamqh@va.gov,Female,135.33.28.30
955,Darya,Clabburn,dclabburnqi@buzzfeed.com,Non-binary,147.37.81.18
956,Devinne,Bickell,dbickellqj@a8.net,Bigender,21.241.59.42
957,Bidget,Float,bfloatqk@indiegogo.com,Non-binary,214.45.14.56
958,Bronnie,Nettle,bnettleql@theatlantic.com,Male,245.6.238.247
959,Fielding,Sympson,fsympsonqm@cam.ac.uk,Genderfluid,209.94.214.16
960,Brand,Habbin,bhabbinqn@twitter.com,Genderqueer,18.77.222.242
961,Heinrik,Poutress,hpoutressqo@fc2.com,Polygender,135.104.237.29
962,Ethe,Neve,eneveqp@ocn.ne.jp,Agender,111.97.160.115
963,Vonnie,De Blasiis,vdeblasiisqq@blogs.com,Non-binary,182.244.39.46
964,Natale,Blackly,nblacklyqr@google.cn,Polygender,40.215.234.233
965,Cchaddie,Seilmann,cseilmannqs@msn.com,Non-binary,227.120.1.111
966,Emelita,Wisam,ewisamqt@deviantart.com,Genderfluid,1.131.129.203
967,Garret,Keaveny,gkeavenyqu@cnn.com,Bigender,34.178.62.191
968,Moyna,Liddicoat,mliddicoatqv@vistaprint.com,Male,110.220.246.251
969,Feliza,Ruddell,fruddellqw@samsung.com,Polygender,210.131.186.246
970,Codee,Simion,csimionqx@elpais.com,Agender,126.56.196.247
971,Gorden,Westfield,gwestfieldqy@techcrunch.com,Female,120.109.194.13
972,Mercy,Back,mbackqz@statcounter.com,Bigender,93.8.16.39
973,Thain,Brigge,tbrigger0@ucoz.ru,Female,234.30.203.180
974,May,Kingsnoad,mkingsnoadr1@psu.edu,Polygender,245.7.223.171
975,Lamond,Iuorio,liuorior2@dyndns.org,Agender,181.77.0.252
976,Terrance,Tydeman,ttydemanr3@1688.com,Agender,93.221.14.75
977,Rubi,Hallt,rhalltr4@google.ru,Female,14.168.151.192
978,Maryjane,Stollsteiner,mstollsteinerr5@odnoklassniki.ru,Non-binary,156.102.21.134
979,Eolanda,Karpinski,ekarpinskir6@senate.gov,Female,240.13.103.95
980,Peadar,Jirusek,pjirusekr7@google.com.hk,Bigender,116.238.187.129
981,Madalyn,Rozier,mrozierr8@salon.com,Bigender,250.32.214.25
982,Kimbra,Jedrzejewski,kjedrzejewskir9@delicious.com,Female,48.123.92.47
983,Julina,Rate,jratera@utexas.edu,Polygender,27.123.80.140
984,Margi,Van Cassel,mvancasselrb@google.com.br,Bigender,211.37.18.210
985,Austina,Sparshett,asparshettrc@ucla.edu,Genderfluid,230.49.99.13
986,Waldo,Windebank,wwindebankrd@independent.co.uk,Bigender,253.162.230.89
987,Alberik,Benitti,abenittire@apache.org,Genderfluid,150.158.79.104
988,Shandie,Erdes,serdesrf@blogtalkradio.com,Bigender,239.228.213.174
989,Ely,Rathke,erathkerg@smh.com.au,Non-binary,160.150.157.68
990,Burton,O'Hartnedy,bohartnedyrh@is.gd,Agender,71.92.235.195
991,Irwinn,Bearn,ibearnri@macromedia.com,Polygender,42.204.210.14
992,Herrick,Furse,hfurserj@xing.com,Non-binary,94.28.249.98
993,Paquito,Retallack,pretallackrk@1und1.de,Agender,233.42.122.8
994,Caldwell,Byram,cbyramrl@kickstarter.com,Non-binary,121.7.218.197
995,Daveen,Packer,dpackerrm@cornell.edu,Bigender,192.209.237.134
996,Magdalen,Fantonetti,mfantonettirn@ning.com,Genderqueer,8.48.61.144
997,Niels,Earthfield,nearthfieldro@nationalgeographic.com,Female,244.182.232.30
998,Geoff,Echallier,gechallierrp@mtv.com,Male,101.33.45.44
999,Ayn,Sea,asearq@google.com.hk,Non-binary,246.36.102.175
1000,Chrissie,Winsbury,cwinsburyrr@uiuc.edu,Male,217.22.127.246
