id,first_name,last_name,email,gender,ip_address
1,Kattie,Tewkesberrie,ktewkesberrie0@home.pl,Non-binary,112.125.102.109
2,Vaughan,Raynham,vraynham1@spiegel.de,Genderqueer,215.173.97.221
3,Curr,Weld,cweld2@loc.gov,Agender,54.75.238.199
4,Robbin,Leechman,rleechman3@narod.ru,Genderfluid,131.189.19.17
5,Titus,Savory,tsavory4@posterous.com,Female,88.164.244.52
6,Elberta,Cripwell,ecripwell5@examiner.com,Female,204.10.172.249
7,Raimund,Reay,rreay6@vinaora.com,Bigender,210.251.184.249
8,Chase,Gauson,cgauson7@nytimes.com,Male,79.85.17.137
9,Kiley,Brim,kbrim8@epa.gov,Genderqueer,215.91.112.102
10,Gradey,Wearing,gwearing9@earthlink.net,Male,75.141.19.125
11,Angie,Vassel,avassela@quantcast.com,Bigender,223.223.201.219
12,Donaugh,O'Dreain,dodreainb@weather.com,Male,113.242.178.125
13,Robinia,Renols,rrenolsc@yellowbook.com,Non-binary,126.104.121.62
14,Bari,Brahms,bbrahmsd@vinaora.com,Agender,27.117.166.106
15,Kev,Finnes,kfinnese@businesswire.com,Non-binary,30.36.208.52
16,Mayne,Cud,mcudf@illinois.edu,Bigender,122.187.40.242
17,Beatrice,Kinny,bkinnyg@histats.com,Genderqueer,132.28.177.215
18,Leola,Gentiry,lgentiryh@google.es,Genderqueer,122.198.186.207
19,Hana,Sill,hsilli@feedburner.com,Polygender,107.113.108.40
20,Dyane,Wybrow,dwybrowj@vk.com,Genderqueer,167.12.200.201
21,Dianna,Hewins,dhewinsk@goodreads.com,Agender,204.213.174.46
22,Rusty,Wilcocks,rwilcocksl@wikispaces.com,Male,0.247.183.127
23,Bambi,Ayres,bayresm@google.de,Genderfluid,57.67.138.115
24,Anthiathia,Simmig,asimmign@nymag.com,Genderfluid,150.138.132.215
25,Karalee,Merill,kmerillo@blogspot.com,Female,101.3.249.164
26,Roshelle,Jerome,rjeromep@mayoclinic.com,Female,116.36.127.143
27,Tedmund,Rainton,traintonq@blogtalkradio.com,Bigender,190.175.12.61
28,Haley,Yepiskopov,hyepiskopovr@ed.gov,Genderfluid,195.12.28.83
29,Sullivan,Savill,ssavills@digg.com,Non-binary,38.154.96.178
30,Berenice,Roobottom,broobottomt@engadget.com,Bigender,66.20.254.186
31,Lavina,Jesse,ljesseu@bravesites.com,Female,5.113.235.74
32,Teresa,Penritt,tpenrittv@alexa.com,Agender,132.97.178.33
33,Elysia,Pues,epuesw@wordpress.com,Female,254.8.36.229
34,Judye,Delea,jdeleax@google.de,Genderqueer,20.96.217.195
35,Benetta,Lehon,blehony@wired.com,Female,174.34.226.18
36,Rudd,Le Sarr,rlesarrz@wikipedia.org,Genderqueer,207.102.121.246
37,Theda,Browncey,tbrowncey10@youtu.be,Male,50.14.76.88
38,Celle,Drohan,cdrohan11@wikimedia.org,Polygender,135.188.86.85
39,Genia,Elcox,gelcox12@behance.net,Non-binary,210.227.69.198
40,Errick,Pirri,epirri13@ucla.edu,Female,94.40.197.101
41,Chicky,Appleford,cappleford14@elegantthemes.com,Polygender,173.59.115.126
42,Inigo,McAteer,imcateer15@statcounter.com,Bigender,197.89.27.180
43,Helenka,Dorn,hdorn16@bing.com,Genderqueer,170.33.23.106
44,Cathie,Ross,cross17@webnode.com,Genderqueer,251.198.31.59
45,Merrielle,Laye,mlaye18@pbs.org,Female,23.104.131.27
46,Candice,Ireson,cireson19@cyberchimps.com,Bigender,136.201.202.58
47,Jean,Liverseege,jliverseege1a@si.edu,Agender,35.232.88.20
48,Foss,McAnellye,fmcanellye1b@nbcnews.com,Bigender,26.126.21.3
49,Jeth,Schust,jschust1c@boston.com,Bigender,245.0.143.44
50,Euell,Coot,ecoot1d@ed.gov,Agender,145.208.129.116
51,Brunhilde,Swale,bswale1e@google.com.hk,Polygender,180.49.61.52
52,Jerrie,Dorr,jdorr1f@biblegateway.com,Genderqueer,125.163.125.176
53,Demetris,Coughtrey,dcoughtrey1g@google.com.br,Non-binary,12.90.58.156
54,Gary,Esterbrook,gesterbrook1h@wordpress.org,Female,60.149.208.210
55,Adrianne,Extance,aextance1i@shinystat.com,Male,161.50.146.40
56,Frankie,Guilloneau,fguilloneau1j@answers.com,Non-binary,123.64.210.250
57,Saloma,Vannet,svannet1k@kickstarter.com,Male,230.58.148.208
58,Kelcie,Tupman,ktupman1l@bbc.co.uk,Genderqueer,40.79.107.210
59,Buddie,Spaight,bspaight1m@addtoany.com,Non-binary,146.164.221.254
60,Tierney,Gowling,tgowling1n@mayoclinic.com,Male,193.227.134.202
61,Perri,Biaggetti,pbiaggetti1o@foxnews.com,Genderfluid,97.105.133.66
62,Val,Siegertsz,vsiegertsz1p@weebly.com,Genderqueer,101.22.33.83
63,Victoria,Dahlman,vdahlman1q@amazon.co.jp,Non-binary,172.26.36.217
64,Xerxes,Vincent,xvincent1r@topsy.com,Agender,155.136.36.190
65,Loni,Hullbrook,lhullbrook1s@skype.com,Agender,63.54.168.171
66,Kari,Kuschel,kkuschel1t@hugedomains.com,Bigender,74.208.107.40
67,Papagena,Slobom,pslobom1u@joomla.org,Polygender,4.16.61.237
68,Onida,Germon,ogermon1v@tripod.com,Bigender,209.221.212.176
69,Ted,Smitheman,tsmitheman1w@thetimes.co.uk,Genderqueer,88.215.150.63
70,Allis,Hooks,ahooks1x@sina.com.cn,Bigender,170.241.251.212
71,Kimberly,Minithorpe,kminithorpe1y@narod.ru,Female,84.137.250.222
72,Claude,Morrad,cmorrad1z@spiegel.de,Bigender,247.95.230.149
73,Richart,Bourbon,rbourbon20@theguardian.com,Agender,218.215.76.76
74,Melesa,Ericsson,mericsson21@e-recht24.de,Male,38.229.206.140
75,Adele,Kristiansen,akristiansen22@zdnet.com,Non-binary,163.56.149.247
76,Nevile,Howell,nhowell23@pen.io,Bigender,60.16.29.113
77,Claudie,O'Mohun,comohun24@com.com,Agender,117.199.71.180
78,Nikolas,Oaks,noaks25@hatena.ne.jp,Agender,222.32.237.139
79,Blithe,Stockford,bstockford26@imgur.com,Non-binary,219.184.242.254
80,Grove,Giffon,ggiffon27@webmd.com,Female,62.220.101.144
81,Miriam,Jallin,mjallin28@is.gd,Agender,9.129.52.113
82,Shirley,Skates,sskates29@gov.uk,Non-binary,130.12.111.39
83,Pryce,Smales,psmales2a@tmall.com,Non-binary,255.235.142.185
84,Hi,Bacher,hbacher2b@tinyurl.com,Female,187.247.1.91
85,Ainslee,Hollows,ahollows2c@dailymotion.com,Female,54.43.228.15
86,Camey,Sinnie,csinnie2d@pbs.org,Male,162.205.100.196
87,Lukas,Scroxton,lscroxton2e@wisc.edu,Bigender,238.8.198.79
88,Deanna,Kobierzycki,dkobierzycki2f@skype.com,Female,225.178.2.180
89,Kathye,Grewer,kgrewer2g@hhs.gov,Genderfluid,199.102.178.170
90,Evered,Jelf,ejelf2h@wix.com,Agender,134.55.49.86
91,Kirsti,Byk,kbyk2i@un.org,Genderqueer,39.96.181.23
92,Elysia,Whitaker,ewhitaker2j@plala.or.jp,Female,112.70.24.222
93,Trent,Brodest,tbrodest2k@mozilla.com,Genderqueer,203.173.49.136
94,Ravi,Anlay,ranlay2l@mozilla.org,Male,42.134.167.89
95,Cornela,Dykes,cdykes2m@a8.net,Female,189.83.194.62
96,Rafferty,Woonton,rwoonton2n@elegantthemes.com,Bigender,51.177.115.230
97,Temple,McLaughlan,tmclaughlan2o@economist.com,Bigender,4.154.134.63
98,Paolina,Mardy,pmardy2p@hatena.ne.jp,Male,220.57.97.142
99,Rozanna,Walicki,rwalicki2q@goo.gl,Non-binary,106.254.176.146
100,Almeda,Hirschmann,ahirschmann2r@cpanel.net,Bigender,96.88.75.203
101,Katleen,Winteringham,kwinteringham2s@dropbox.com,Bigender,127.136.161.148
102,Nonnah,Cameli,ncameli2t@wix.com,Agender,212.175.253.83
103,Lovell,Larvin,llarvin2u@infoseek.co.jp,Non-binary,227.21.34.138
104,Adah,Twiddy,atwiddy2v@sciencedirect.com,Non-binary,100.202.44.141
105,Bonnee,Stiger,bstiger2w@intel.com,Male,146.224.181.47
106,Dallis,Doldon,ddoldon2x@dmoz.org,Polygender,91.110.165.212
107,Anastassia,Hillaby,ahillaby2y@mapy.cz,Polygender,246.184.99.238
108,Nickie,Klimaszewski,nklimaszewski2z@godaddy.com,Male,89.88.42.39
109,Daniela,Orans,dorans30@prnewswire.com,Bigender,114.85.227.114
110,Ernesta,Livings,elivings31@princeton.edu,Bigender,215.169.235.150
111,Fanya,Krug,fkrug32@columbia.edu,Agender,117.230.33.218
112,Harley,MacAndie,hmacandie33@addthis.com,Genderqueer,83.18.129.54
113,Georg,Romney,gromney34@microsoft.com,Polygender,150.219.41.198
114,Merralee,MacClancey,mmacclancey35@dell.com,Genderfluid,80.167.14.204
115,Cesar,Brellin,cbrellin36@wufoo.com,Genderqueer,89.192.13.111
116,Effie,Bramwich,ebramwich37@auda.org.au,Genderfluid,244.4.132.95
117,Vyky,Gaudin,vgaudin38@bing.com,Non-binary,250.239.114.244
118,Archibold,Aleksahkin,aaleksahkin39@tripadvisor.com,Genderfluid,127.94.224.99
119,Bondon,Sharplin,bsharplin3a@elegantthemes.com,Polygender,21.233.73.184
120,Aurelea,Gawthorpe,agawthorpe3b@desdev.cn,Genderqueer,215.16.227.22
121,Tremayne,Lutman,tlutman3c@ocn.ne.jp,Male,80.40.160.40
122,Kay,Kemmons,kkemmons3d@last.fm,Bigender,5.66.85.135
123,Arin,Poad,apoad3e@mysql.com,Genderqueer,96.153.182.188
124,Kessiah,Heggman,kheggman3f@adobe.com,Genderqueer,251.70.194.111
125,Milissent,Burgin,mburgin3g@imgur.com,Male,216.240.62.234
126,Shaina,Buckle,sbuckle3h@bbc.co.uk,Male,224.117.236.69
127,Burr,Grishakov,bgrishakov3i@slideshare.net,Bigender,142.199.24.42
128,Ashla,Cassell,acassell3j@php.net,Male,124.255.123.170
129,Kele,Izzatt,kizzatt3k@skype.com,Polygender,26.179.95.120
130,Susanna,Parrin,sparrin3l@yellowbook.com,Polygender,38.5.93.221
131,Edmon,Lanktree,elanktree3m@hao123.com,Agender,40.148.165.107
132,Glynnis,Danniell,gdanniell3n@theguardian.com,Bigender,69.79.155.28
133,Ynes,Dimeloe,ydimeloe3o@pcworld.com,Bigender,72.83.211.98
134,Deena,Quemby,dquemby3p@google.com,Genderqueer,225.17.222.187
135,Cam,Corrington,ccorrington3q@dagondesign.com,Polygender,223.168.64.168
136,Fallon,Cotman,fcotman3r@addtoany.com,Non-binary,10.253.146.192
137,Horatius,Bick,hbick3s@intel.com,Polygender,177.219.224.200
138,Merwyn,Adshead,madshead3t@devhub.com,Male,252.70.232.140
139,Nial,Cullen,ncullen3u@g.co,Female,145.176.124.87
140,Michal,Janks,mjanks3v@wikia.com,Genderfluid,55.45.202.225
141,Rosemaria,Dougliss,rdougliss3w@lulu.com,Genderqueer,76.239.234.123
142,Analise,Ferry,aferry3x@discuz.net,Genderqueer,2.83.203.37
143,Brook,Mallalieu,bmallalieu3y@alibaba.com,Male,4.210.133.136
144,Briny,Dawidowsky,bdawidowsky3z@ebay.com,Genderqueer,53.41.65.33
145,Marcile,Coxon,mcoxon40@foxnews.com,Male,254.7.207.131
146,Isidor,Kield,ikield41@tinyurl.com,Female,141.25.18.185
147,Adey,Dicks,adicks42@prnewswire.com,Bigender,197.203.236.14
148,Gradey,McCallam,gmccallam43@japanpost.jp,Bigender,36.154.236.208
149,Joana,O'Boyle,joboyle44@google.com.hk,Genderqueer,121.152.143.27
150,Constantin,Spieck,cspieck45@businessinsider.com,Non-binary,137.185.77.229
151,Addie,Kilbourne,akilbourne46@nbcnews.com,Polygender,91.54.15.53
152,Gavra,Maciaszczyk,gmaciaszczyk47@sourceforge.net,Polygender,105.148.154.162
153,Jeanelle,Schwand,jschwand48@privacy.gov.au,Agender,4.32.81.27
154,Doroteya,Tasseler,dtasseler49@multiply.com,Agender,52.129.5.82
155,Dennet,Cansdell,dcansdell4a@cyberchimps.com,Genderfluid,221.158.132.152
156,Willi,Southwick,wsouthwick4b@dagondesign.com,Genderfluid,75.59.24.252
157,Vincent,Dumsday,vdumsday4c@reuters.com,Non-binary,88.109.172.59
158,Georgena,Soame,gsoame4d@behance.net,Genderqueer,136.172.102.23
159,Petronilla,Berisford,pberisford4e@china.com.cn,Genderqueer,222.44.39.161
160,Ruthi,Kettley,rkettley4f@nhs.uk,Genderqueer,142.27.220.217
161,Genny,Fletham,gfletham4g@forbes.com,Agender,228.248.179.79
162,Christine,Spencer,cspencer4h@foxnews.com,Non-binary,244.150.3.201
163,Hamid,McLernon,hmclernon4i@google.ca,Genderqueer,169.152.112.4
164,Catriona,Boleyn,cboleyn4j@a8.net,Agender,246.138.228.24
165,Rheta,Gresser,rgresser4k@barnesandnoble.com,Polygender,103.232.241.168
166,Sharity,Asling,sasling4l@typepad.com,Non-binary,68.141.127.133
167,Gaven,Bottelstone,gbottelstone4m@youtu.be,Genderfluid,195.77.201.224
168,Agnese,Denmead,adenmead4n@aboutads.info,Non-binary,118.171.155.160
169,Darlene,Menhci,dmenhci4o@surveymonkey.com,Agender,143.72.222.233
170,Field,Reyburn,freyburn4p@google.it,Polygender,52.240.3.38
171,Merwin,Postan,mpostan4q@mozilla.org,Genderfluid,169.198.40.228
172,Maxi,Flaverty,mflaverty4r@list-manage.com,Agender,196.204.224.185
173,Langsdon,Leftly,lleftly4s@wisc.edu,Genderqueer,91.194.208.116
174,Cristian,Boyd,cboyd4t@people.com.cn,Polygender,99.83.106.180
175,Ericha,Fountian,efountian4u@baidu.com,Polygender,75.18.241.136
176,Poul,Brims,pbrims4v@webmd.com,Male,83.253.81.18
177,Karlene,Itzcovichch,kitzcovichch4w@jigsy.com,Polygender,246.41.65.162
178,Evonne,Halson,ehalson4x@msn.com,Male,132.42.49.80
179,Annie,Livsey,alivsey4y@liveinternet.ru,Bigender,59.85.219.211
180,Bartholemy,Origan,borigan4z@cnet.com,Female,219.133.132.17
181,Joseito,Hadcock,jhadcock50@i2i.jp,Female,240.229.112.213
182,Thea,Henderson,thenderson51@vkontakte.ru,Male,98.28.184.248
183,Tiffie,Gerraty,tgerraty52@dell.com,Agender,129.254.231.249
184,Betteanne,Milne,bmilne53@alexa.com,Bigender,37.176.164.188
185,Nels,Anger,nanger54@tinyurl.com,Genderqueer,110.110.131.176
186,Halsey,Bampton,hbampton55@pen.io,Male,208.196.123.194
187,Alastair,Finnemore,afinnemore56@printfriendly.com,Genderqueer,40.87.72.110
188,Nicolas,Conring,nconring57@japanpost.jp,Female,20.158.85.199
189,Cordell,Verdy,cverdy58@vimeo.com,Agender,172.200.111.222
190,Ivie,Bruna,ibruna59@paginegialle.it,Bigender,247.56.128.167
191,Rhonda,Marval,rmarval5a@marriott.com,Genderfluid,202.154.98.81
192,Jerrylee,Maudlen,jmaudlen5b@hhs.gov,Female,26.201.112.27
193,Gallard,Spurdens,gspurdens5c@tumblr.com,Agender,241.76.87.89
194,Hernando,Moulder,hmoulder5d@tinyurl.com,Male,9.14.160.57
195,Marylin,Reckless,mreckless5e@soundcloud.com,Non-binary,224.237.77.228
196,Aeriela,Speeding,aspeeding5f@columbia.edu,Genderfluid,59.198.182.128
197,Guendolen,Behning,gbehning5g@columbia.edu,Polygender,144.151.156.251
198,Joe,Gollin,jgollin5h@google.com.hk,Male,198.192.132.175
199,Tawsha,Moxsom,tmoxsom5i@dailymotion.com,Male,56.231.232.178
200,Gretel,Wabey,gwabey5j@google.pl,Female,191.203.220.143
201,Arne,Joiner,ajoiner5k@exblog.jp,Non-binary,101.54.218.38
202,Abel,Cason,acason5l@goo.ne.jp,Non-binary,124.118.204.88
203,Christiano,Bill,cbill5m@answers.com,Genderfluid,71.208.253.250
204,Elinore,Zuan,ezuan5n@independent.co.uk,Genderqueer,201.79.76.218
205,Eda,Morison,emorison5o@nasa.gov,Non-binary,185.223.85.84
206,Adoree,Fyers,afyers5p@mail.ru,Genderfluid,177.85.133.153
207,Donni,Sidgwick,dsidgwick5q@spotify.com,Polygender,161.214.210.252
208,Clarie,Crichley,ccrichley5r@miibeian.gov.cn,Agender,234.80.46.128
209,Hadrian,Elstub,helstub5s@geocities.com,Male,44.78.114.42
210,Tate,MacGibbon,tmacgibbon5t@cyberchimps.com,Agender,201.37.33.221
211,Tommy,Soltan,tsoltan5u@purevolume.com,Bigender,2.118.232.9
212,Myer,Yurkov,myurkov5v@mapquest.com,Non-binary,68.248.26.127
213,Demetri,Abramsky,dabramsky5w@reddit.com,Non-binary,105.200.214.202
214,Zsa zsa,Matejic,zmatejic5x@feedburner.com,Female,159.227.184.224
215,Bride,Sheals,bsheals5y@cnbc.com,Male,117.17.31.138
216,Dur,Episcopi,depiscopi5z@washington.edu,Bigender,43.230.208.247
217,Giffy,Peggrem,gpeggrem60@live.com,Non-binary,62.30.34.129
218,Warde,Mathwin,wmathwin61@infoseek.co.jp,Polygender,22.98.233.83
219,Ashton,Travers,atravers62@list-manage.com,Non-binary,95.5.52.222
220,Brook,De Vaux,bdevaux63@wp.com,Non-binary,46.180.87.114
221,Osbert,Benzi,obenzi64@blogs.com,Female,117.53.59.78
222,Felecia,Fragino,ffragino65@xinhuanet.com,Polygender,101.246.73.215
223,Renee,Abdy,rabdy66@disqus.com,Bigender,178.77.125.194
224,Haleigh,Whisby,hwhisby67@apache.org,Agender,180.106.183.202
225,Pandora,Simka,psimka68@craigslist.org,Female,136.11.140.12
226,Rufus,Spowage,rspowage69@cam.ac.uk,Agender,239.140.59.97
227,Xavier,Trahear,xtrahear6a@bbb.org,Non-binary,245.90.28.170
228,Hildagarde,McGilvra,hmcgilvra6b@theglobeandmail.com,Polygender,107.82.238.169
229,Preston,Palphreyman,ppalphreyman6c@nsw.gov.au,Female,9.47.154.31
230,Issiah,Kalkhoven,ikalkhoven6d@soup.io,Non-binary,126.187.23.129
231,Meghann,Musslewhite,mmusslewhite6e@woothemes.com,Bigender,155.221.231.32
232,Adolphus,Folkerts,afolkerts6f@mac.com,Agender,80.92.45.157
233,Buddy,Caddock,bcaddock6g@newyorker.com,Male,224.207.36.100
234,Martha,Renney,mrenney6h@amazon.co.uk,Genderqueer,14.195.222.67
235,Karoline,Veighey,kveighey6i@friendfeed.com,Agender,119.201.93.10
236,Delores,Walsham,dwalsham6j@biglobe.ne.jp,Agender,8.86.139.46
237,Rodger,Bradder,rbradder6k@geocities.com,Male,188.25.185.153
238,Gaby,Showen,gshowen6l@imdb.com,Bigender,224.92.112.155
239,Lorita,Wallice,lwallice6m@spiegel.de,Genderfluid,173.204.206.29
240,Rafi,McMahon,rmcmahon6n@springer.com,Bigender,159.24.63.11
241,Taylor,Gilliver,tgilliver6o@dailymotion.com,Non-binary,88.218.83.142
242,Deni,Goseling,dgoseling6p@1688.com,Male,40.18.204.94
243,Jolyn,Shoreman,jshoreman6q@goo.gl,Non-binary,235.195.147.225
244,Kimberlee,Thredder,kthredder6r@wix.com,Agender,222.28.177.9
245,Beilul,Degoey,bdegoey6s@i2i.jp,Female,197.224.140.231
246,Clotilda,Cockroft,ccockroft6t@ehow.com,Genderfluid,152.228.185.86
247,Shawnee,Krale,skrale6u@nationalgeographic.com,Genderfluid,246.239.207.91
248,Sophie,Balderston,sbalderston6v@de.vu,Genderqueer,102.19.244.53
249,Daloris,Woolland,dwoolland6w@t.co,Polygender,138.12.235.73
250,Kelila,Wolfendale,kwolfendale6x@elegantthemes.com,Polygender,203.19.121.60
251,Lacee,Lias,llias6y@timesonline.co.uk,Male,159.50.88.138
252,Cordula,Godehard.sf,cgodehardsf6z@accuweather.com,Bigender,95.132.83.99
253,Dennie,Kretchmer,dkretchmer70@cisco.com,Genderqueer,165.17.32.130
254,Cristian,Coast,ccoast71@eepurl.com,Non-binary,69.221.116.85
255,Wilfred,Barensen,wbarensen72@amazon.co.jp,Non-binary,80.97.224.88
256,Ilse,Williamson,iwilliamson73@wsj.com,Genderqueer,113.25.38.106
257,Jaquenette,Geertje,jgeertje74@com.com,Genderfluid,63.135.155.208
258,Verina,Bertie,vbertie75@gravatar.com,Agender,172.151.91.155
259,Stafford,Rubinovitch,srubinovitch76@flavors.me,Genderqueer,56.231.220.212
260,Beulah,Schiefersten,bschiefersten77@xing.com,Bigender,182.98.98.86
261,Candra,Sirrell,csirrell78@elpais.com,Female,160.24.139.117
262,Vaughan,McKnockiter,vmcknockiter79@unicef.org,Agender,74.49.198.198
263,Teena,Thresh,tthresh7a@reddit.com,Male,89.98.229.93
264,Kalil,Geipel,kgeipel7b@time.com,Polygender,254.208.70.143
265,Michaela,Zamora,mzamora7c@google.de,Female,181.9.20.145
266,Giovanni,Wemyss,gwemyss7d@weibo.com,Female,200.57.90.136
267,Ethe,Derrett,ederrett7e@ask.com,Non-binary,241.19.164.63
268,Tomasina,Colam,tcolam7f@ca.gov,Agender,196.240.163.121
269,Angelita,Knell,aknell7g@thetimes.co.uk,Bigender,24.16.242.231
270,Merralee,Lowes,mlowes7h@constantcontact.com,Agender,191.247.108.136
271,Rosalynd,Tawn,rtawn7i@chicagotribune.com,Genderfluid,255.205.138.99
272,Karney,Skipperbottom,kskipperbottom7j@cargocollective.com,Genderfluid,116.1.185.39
273,Madison,Norsworthy,mnorsworthy7k@ameblo.jp,Genderfluid,122.156.109.253
274,Nonna,Mackerel,nmackerel7l@squarespace.com,Female,178.33.62.206
275,Matias,Byrd,mbyrd7m@whitehouse.gov,Genderqueer,230.178.179.40
276,Thomas,Evison,tevison7n@aboutads.info,Non-binary,249.80.37.54
277,Tobe,Menezes,tmenezes7o@kickstarter.com,Polygender,216.68.242.239
278,Angil,Colling,acolling7p@microsoft.com,Polygender,152.147.218.244
279,Dillon,Scarlon,dscarlon7q@china.com.cn,Genderqueer,174.185.143.48
280,Diann,Biss,dbiss7r@oracle.com,Female,144.74.102.80
281,Ritchie,Chaize,rchaize7s@goodreads.com,Non-binary,210.142.231.98
282,Fielding,Farlane,ffarlane7t@soup.io,Female,237.165.55.238
283,Dionis,Dietz,ddietz7u@unc.edu,Bigender,177.66.240.32
284,Itch,Castiglione,icastiglione7v@cbsnews.com,Polygender,22.142.243.157
285,Zonda,Aberdalgy,zaberdalgy7w@ifeng.com,Female,20.94.125.65
286,Mireille,Meese,mmeese7x@youtu.be,Genderqueer,210.255.102.155
287,Jerrold,Bumpus,jbumpus7y@ow.ly,Female,217.245.53.119
288,Blinny,Rubinow,brubinow7z@wufoo.com,Polygender,40.61.56.93
289,Prince,Gibbs,pgibbs80@hp.com,Genderqueer,31.80.92.165
290,Andriana,Basey,abasey81@bigcartel.com,Agender,162.207.205.78
291,Ameline,Echelle,aechelle82@ehow.com,Non-binary,164.78.184.81
292,Derwin,Keyho,dkeyho83@cnbc.com,Male,22.14.166.60
293,Becky,Masters,bmasters84@chronoengine.com,Genderfluid,183.248.163.227
294,Hamilton,Goodale,hgoodale85@163.com,Male,115.61.183.44
295,Ernest,Filby,efilby86@whitehouse.gov,Polygender,187.27.253.51
296,Wandis,Dewbury,wdewbury87@reddit.com,Genderfluid,169.137.54.42
297,Shadow,Sewill,ssewill88@facebook.com,Bigender,5.203.197.10
298,Jackelyn,Boyne,jboyne89@digg.com,Bigender,192.58.3.251
299,Seward,Yallowley,syallowley8a@hp.com,Non-binary,171.167.93.89
300,Katrine,Pimm,kpimm8b@yandex.ru,Bigender,169.10.173.133
301,Kenneth,Burdess,kburdess8c@live.com,Non-binary,243.120.239.187
302,Nikolai,Treadwell,ntreadwell8d@paginegialle.it,Non-binary,253.188.127.65
303,Hermione,Croan,hcroan8e@blogtalkradio.com,Genderfluid,165.197.10.194
304,Ellis,Gotcliff,egotcliff8f@yellowbook.com,Non-binary,59.153.41.174
305,Kirsteni,Gordge,kgordge8g@de.vu,Bigender,240.221.88.93
306,Ring,Marrow,rmarrow8h@shop-pro.jp,Polygender,221.245.122.95
307,Hedy,Durrell,hdurrell8i@utexas.edu,Non-binary,192.152.38.146
308,Holli,Desmond,hdesmond8j@gizmodo.com,Male,11.159.9.185
309,Jeremie,Cicculi,jcicculi8k@europa.eu,Genderqueer,88.175.48.124
310,Hilliary,Grix,hgrix8l@comcast.net,Genderfluid,72.204.156.145
311,Rudy,Naylor,rnaylor8m@reddit.com,Bigender,12.54.223.200
312,Ahmad,Renton,arenton8n@economist.com,Genderfluid,254.80.110.123
313,Jeff,Slainey,jslainey8o@newsvine.com,Female,39.2.105.148
314,Denys,Etherson,detherson8p@usnews.com,Genderqueer,142.158.147.223
315,Estelle,Isaaksohn,eisaaksohn8q@un.org,Female,248.28.239.134
316,Wolfy,Rolls,wrolls8r@posterous.com,Agender,192.47.92.2
317,Linc,Ferries,lferries8s@scientificamerican.com,Genderqueer,44.121.210.65
318,Linnie,Ratie,lratie8t@foxnews.com,Polygender,52.104.138.28
319,Marlie,Apthorpe,mapthorpe8u@guardian.co.uk,Agender,18.239.129.185
320,Dredi,Fickling,dfickling8v@seesaa.net,Bigender,22.52.123.76
321,Valaria,Klich,vklich8w@github.com,Male,177.233.252.14
322,Curtis,Bonass,cbonass8x@apache.org,Polygender,215.171.144.50
323,Anderson,McBryde,amcbryde8y@bizjournals.com,Bigender,228.63.236.88
324,Bent,Hubert,bhubert8z@yahoo.com,Bigender,232.208.19.70
325,Petey,Fishbourn,pfishbourn90@chron.com,Female,67.78.2.143
326,Davon,Arthy,darthy91@forbes.com,Female,33.25.180.133
327,Mikel,Peever,mpeever92@gravatar.com,Polygender,231.136.158.157
328,Eba,Thomazet,ethomazet93@cbslocal.com,Female,242.213.97.141
329,Madeleine,Conrad,mconrad94@ning.com,Bigender,231.74.59.42
330,Cecelia,Devenport,cdevenport95@unesco.org,Genderqueer,214.74.227.174
331,Ilka,Rallings,irallings96@time.com,Polygender,166.169.134.118
332,Alma,Calderon,acalderon97@mtv.com,Genderqueer,108.89.208.229
333,Morty,Merrywether,mmerrywether98@xrea.com,Genderqueer,44.58.124.63
334,Brandi,Swatman,bswatman99@list-manage.com,Male,37.171.48.161
335,Bobby,Brehaut,bbrehaut9a@google.cn,Male,251.45.132.17
336,Rosana,Glencross,rglencross9b@unicef.org,Non-binary,13.142.124.214
337,Sondra,Bauser,sbauser9c@alexa.com,Agender,99.250.92.5
338,Nicoli,Everit,neverit9d@gizmodo.com,Genderqueer,43.13.149.133
339,Nettle,Giannasi,ngiannasi9e@howstuffworks.com,Genderfluid,37.55.166.45
340,Kristos,Stove,kstove9f@angelfire.com,Female,26.11.102.242
341,Rufe,Pacitti,rpacitti9g@arizona.edu,Female,148.215.254.23
342,Vito,Newberry,vnewberry9h@google.com,Non-binary,207.54.193.33
343,Anton,Skin,askin9i@macromedia.com,Polygender,159.50.21.124
344,Alister,Gibbs,agibbs9j@hugedomains.com,Female,122.177.160.146
345,Adina,Borsnall,aborsnall9k@wikimedia.org,Genderqueer,62.93.121.101
346,Nana,Gircke,ngircke9l@yandex.ru,Non-binary,253.84.104.68
347,Waylin,Haldene,whaldene9m@senate.gov,Bigender,16.43.13.3
348,Theo,Glewe,tglewe9n@google.co.jp,Genderqueer,135.84.216.77
349,Catha,Sammons,csammons9o@google.com.au,Non-binary,177.115.152.186
350,Saloma,Bowhey,sbowhey9p@cargocollective.com,Polygender,198.195.94.208
351,Janos,Junkison,jjunkison9q@rediff.com,Female,79.221.42.140
352,Jerry,Fahey,jfahey9r@newyorker.com,Agender,99.226.85.252
353,Vincents,Wettern,vwettern9s@zdnet.com,Genderqueer,180.93.179.132
354,Duncan,Tough,dtough9t@cornell.edu,Female,174.106.127.152
355,Gabriella,Ruperto,gruperto9u@gmpg.org,Polygender,181.84.53.247
356,Miller,Whitmore,mwhitmore9v@bizjournals.com,Non-binary,15.120.54.75
357,Bertine,Nana,bnana9w@meetup.com,Polygender,65.65.184.14
358,Perceval,Thonason,pthonason9x@yale.edu,Polygender,244.130.156.181
359,Frasier,Duhig,fduhig9y@discovery.com,Female,206.66.132.21
360,Nata,Hummerston,nhummerston9z@answers.com,Agender,65.7.186.17
361,Richie,Duker,rdukera0@hubpages.com,Polygender,100.91.154.217
362,Ulick,Wassell,uwassella1@desdev.cn,Polygender,57.27.139.226
363,Vilhelmina,Huelin,vhuelina2@lulu.com,Genderqueer,78.225.122.92
364,Milton,Faust,mfausta3@istockphoto.com,Polygender,177.163.145.47
365,Rosemonde,Tweedy,rtweedya4@google.ca,Polygender,86.34.108.93
366,Serena,Gert,sgerta5@wikipedia.org,Female,16.181.28.243
367,Vittoria,Pattenden,vpattendena6@drupal.org,Male,72.197.188.122
368,Leonanie,Alcalde,lalcaldea7@mac.com,Non-binary,77.10.39.84
369,Talia,Jupp,tjuppa8@constantcontact.com,Male,15.9.174.30
370,Jo ann,Denial,jdeniala9@google.ca,Genderfluid,137.206.220.24
371,Geno,Kolodziejski,gkolodziejskiaa@dropbox.com,Non-binary,183.7.47.182
372,Byrann,Boydon,bboydonab@bloglines.com,Genderfluid,62.179.7.48
373,Emily,Arnaldi,earnaldiac@newyorker.com,Non-binary,94.167.177.97
374,Annemarie,Santino,asantinoad@google.ru,Female,242.29.163.200
375,Morissa,Scala,mscalaae@pinterest.com,Genderqueer,241.75.167.180
376,Grazia,Gowan,ggowanaf@barnesandnoble.com,Bigender,94.78.150.80
377,Maighdiln,Galego,mgalegoag@issuu.com,Genderqueer,168.249.2.179
378,Clarita,Rosenthal,crosenthalah@sakura.ne.jp,Genderqueer,95.7.32.76
379,Tedra,Fernao,tfernaoai@jiathis.com,Male,98.234.48.199
380,Vyky,Dalgarnocht,vdalgarnochtaj@pbs.org,Non-binary,96.13.239.33
381,Dora,Cattrall,dcattrallak@ftc.gov,Polygender,95.209.110.224
382,Parry,Torra,ptorraal@icq.com,Non-binary,121.154.90.62
383,Pascal,Davidofski,pdavidofskiam@lulu.com,Non-binary,84.136.183.126
384,Myron,Emblow,memblowan@independent.co.uk,Bigender,87.121.85.195
385,Shaw,Southouse,ssouthouseao@xinhuanet.com,Agender,253.37.233.140
386,Willabella,Munnis,wmunnisap@wufoo.com,Genderqueer,30.204.10.126
387,Orton,Fellona,ofellonaaq@amazonaws.com,Agender,8.165.143.37
388,Mikael,Minmagh,mminmaghar@facebook.com,Agender,25.115.57.128
389,Dew,Sprankling,dspranklingas@bbb.org,Genderfluid,192.234.7.33
390,Taffy,Clyma,tclymaat@discovery.com,Agender,39.152.142.24
391,Darelle,Pantin,dpantinau@yolasite.com,Bigender,21.156.167.28
392,Carleton,Swain,cswainav@wikispaces.com,Polygender,235.3.47.66
393,Puff,Sussams,psussamsaw@over-blog.com,Genderfluid,154.241.131.157
394,Brana,Winterton,bwintertonax@alibaba.com,Polygender,233.255.178.172
395,Cheston,Thebe,cthebeay@vimeo.com,Non-binary,44.146.138.136
396,Rudyard,Meah,rmeahaz@stumbleupon.com,Female,115.114.161.164
397,Ileana,Flipek,iflipekb0@nifty.com,Male,182.79.253.182
398,Erv,Berisford,eberisfordb1@ezinearticles.com,Male,221.102.45.206
399,Mariel,Petracci,mpetraccib2@cornell.edu,Genderfluid,250.193.221.16
400,Prudy,Skynner,pskynnerb3@mapquest.com,Female,46.45.252.54
401,Aggie,Plevey,apleveyb4@illinois.edu,Male,159.239.137.140
402,Selena,Cushworth,scushworthb5@live.com,Male,255.222.146.187
403,Levey,Ordish,lordishb6@vk.com,Genderfluid,61.189.101.200
404,Amabelle,Sweynson,asweynsonb7@irs.gov,Male,5.78.48.249
405,Garv,Hatcher,ghatcherb8@ucoz.com,Polygender,226.137.132.202
406,Micheil,Forder,mforderb9@who.int,Agender,246.2.157.57
407,Shaylyn,Domke,sdomkeba@un.org,Bigender,38.249.199.16
408,Malissa,Gunstone,mgunstonebb@sbwire.com,Male,240.56.213.22
409,Carolus,Tomaskov,ctomaskovbc@cisco.com,Genderqueer,71.203.254.99
410,Vic,Kornilov,vkornilovbd@1688.com,Non-binary,82.226.197.154
411,Barrett,Mournian,bmournianbe@furl.net,Bigender,26.37.205.77
412,Sondra,Ashfold,sashfoldbf@gravatar.com,Female,157.127.148.117
413,Nathanil,Cud,ncudbg@wordpress.com,Polygender,28.16.172.179
414,Bourke,Moulster,bmoulsterbh@gmpg.org,Bigender,170.141.43.74
415,Annabella,Le Hucquet,alehucquetbi@businessweek.com,Genderqueer,200.146.75.131
416,Bertrand,Ponten,bpontenbj@umich.edu,Non-binary,215.67.143.93
417,Jayme,Rodgman,jrodgmanbk@fema.gov,Polygender,102.28.98.125
418,Caesar,Nana,cnanabl@shareasale.com,Female,58.47.105.54
419,Guenna,Kinsey,gkinseybm@clickbank.net,Bigender,168.172.132.233
420,Cleavland,Gwilym,cgwilymbn@shop-pro.jp,Female,49.170.166.42
421,Regen,Faichnie,rfaichniebo@ovh.net,Polygender,167.74.108.69
422,Caitrin,Gainor,cgainorbp@virginia.edu,Bigender,86.186.143.95
423,Madalena,Eplate,meplatebq@google.com,Non-binary,8.229.124.186
424,Krystyna,Scourgie,kscourgiebr@bbb.org,Agender,212.185.71.113
425,Kenny,Domenichelli,kdomenichellibs@vkontakte.ru,Polygender,72.227.135.135
426,Stormi,Pidwell,spidwellbt@nifty.com,Agender,167.157.130.150
427,Trixie,Blaisdale,tblaisdalebu@forbes.com,Polygender,162.118.61.206
428,Egor,Crowch,ecrowchbv@soundcloud.com,Genderfluid,239.99.95.32
429,Muffin,Sibbald,msibbaldbw@google.ca,Genderqueer,171.236.240.22
430,Hill,Rudham,hrudhambx@mysql.com,Genderfluid,176.127.188.243
431,Bill,Vedeneev,bvedeneevby@mtv.com,Genderqueer,21.250.110.202
432,Arri,Gotling,agotlingbz@parallels.com,Male,199.217.66.19
433,Dion,Proschek,dproschekc0@newyorker.com,Female,175.156.74.176
434,Adlai,Bavridge,abavridgec1@quantcast.com,Bigender,93.0.115.42
435,Marwin,Georgescu,mgeorgescuc2@google.co.uk,Female,108.172.243.242
436,Alexandrina,Dooland,adoolandc3@last.fm,Genderfluid,232.169.104.191
437,Parsifal,Simionato,psimionatoc4@utexas.edu,Male,226.145.79.37
438,Herrick,Duplock,hduplockc5@slate.com,Polygender,159.168.1.116
439,Teodorico,Harbard,tharbardc6@hibu.com,Non-binary,5.169.88.125
440,Giuseppe,Patsall,gpatsallc7@wired.com,Genderfluid,248.210.169.146
441,Estel,Overland,eoverlandc8@state.tx.us,Genderqueer,155.116.176.102
442,Myrwyn,Bustard,mbustardc9@va.gov,Male,64.30.159.38
443,Finlay,Fitchett,ffitchettca@wikimedia.org,Agender,247.30.190.65
444,Lenci,Hazeldine,lhazeldinecb@ucla.edu,Female,207.22.235.77
445,Chris,Lynam,clynamcc@cpanel.net,Male,42.186.154.167
446,Kleon,Deane,kdeanecd@slate.com,Genderfluid,30.61.202.238
447,Garey,Godlip,ggodlipce@cargocollective.com,Female,94.180.142.188
448,Alane,Lob,alobcf@theatlantic.com,Agender,83.52.149.193
449,Trace,Shipp,tshippcg@nih.gov,Non-binary,142.156.191.227
450,Koralle,Ganderton,kgandertonch@virginia.edu,Agender,109.63.186.42
451,Athena,Ritson,aritsonci@taobao.com,Genderqueer,151.3.137.144
452,Ellene,Looks,elookscj@deliciousdays.com,Male,179.27.198.216
453,Therese,Dennant,tdennantck@bloglines.com,Genderqueer,214.91.114.152
454,Corly,Janew,cjanewcl@phpbb.com,Male,239.103.153.119
455,Maurizia,Thirlaway,mthirlawaycm@google.com.au,Non-binary,52.49.203.87
456,Deck,Lanfranconi,dlanfranconicn@dagondesign.com,Genderfluid,170.175.141.201
457,Willey,Whittaker,wwhittakerco@vistaprint.com,Agender,245.25.196.180
458,Olly,Beenham,obeenhamcp@globo.com,Genderfluid,194.115.220.160
459,Gretel,Kelsall,gkelsallcq@mail.ru,Bigender,255.48.203.22
460,Lonna,Dowzell,ldowzellcr@ezinearticles.com,Genderqueer,23.86.2.241
461,Will,Bassil,wbassilcs@xinhuanet.com,Polygender,8.177.102.86
462,Debi,Earley,dearleyct@netscape.com,Non-binary,230.93.249.254
463,Barnett,Fairholme,bfairholmecu@icq.com,Male,86.43.162.137
464,Clarice,Edgington,cedgingtoncv@latimes.com,Genderqueer,172.252.228.199
465,Monty,Cayford,mcayfordcw@desdev.cn,Male,113.220.89.76
466,Lyndel,Barthrup,lbarthrupcx@vkontakte.ru,Female,45.127.21.143
467,Philomena,Ozanne,pozannecy@berkeley.edu,Genderfluid,36.111.85.151
468,Ellswerth,Carress,ecarresscz@linkedin.com,Agender,26.178.107.41
469,Ottilie,Astin,oastind0@jugem.jp,Polygender,69.155.117.143
470,Selestina,Lippett,slippettd1@ovh.net,Genderqueer,104.181.239.147
471,Melva,Sekulla,msekullad2@stanford.edu,Genderfluid,242.116.216.219
472,Floria,Fassbindler,ffassbindlerd3@imageshack.us,Genderfluid,13.195.187.99
473,Tannie,Titchen,ttitchend4@pbs.org,Bigender,139.34.204.18
474,Caterina,Castella,ccastellad5@delicious.com,Non-binary,99.230.252.62
475,Horatius,Roberts,hrobertsd6@canalblog.com,Female,128.235.110.124
476,Lettie,Sommerville,lsommervilled7@dailymotion.com,Non-binary,23.54.104.54
477,Ofella,Melarkey,omelarkeyd8@msu.edu,Male,244.175.231.148
478,Aleta,Guilloud,aguilloudd9@hugedomains.com,Bigender,74.234.82.166
479,Anastasie,Farrear,afarrearda@upenn.edu,Genderfluid,251.202.32.157
480,Garland,Adam,gadamdb@huffingtonpost.com,Genderfluid,138.96.173.61
481,Crystal,Messham,cmesshamdc@stumbleupon.com,Male,50.160.61.36
482,Kynthia,Ayrton,kayrtondd@alexa.com,Polygender,52.47.208.77
483,Brett,Duffil,bduffilde@drupal.org,Female,169.17.40.14
484,Gisella,Brechin,gbrechindf@wordpress.org,Polygender,219.30.3.37
485,Diane,Bonney,dbonneydg@bravesites.com,Polygender,131.21.97.143
486,Kaylil,Goldby,kgoldbydh@domainmarket.com,Agender,96.102.72.38
487,Kamila,Evers,keversdi@upenn.edu,Female,83.0.89.160
488,Avigdor,Jonathon,ajonathondj@shareasale.com,Agender,25.185.244.237
489,Van,Swaine,vswainedk@irs.gov,Non-binary,63.91.39.79
490,Levi,Rubberts,lrubbertsdl@artisteer.com,Agender,87.94.168.111
491,Petronilla,Stadding,pstaddingdm@miibeian.gov.cn,Polygender,77.189.6.174
492,Xylia,Detoc,xdetocdn@storify.com,Agender,38.21.238.168
493,Bettina,Triebner,btriebnerdo@phpbb.com,Bigender,229.199.148.141
494,Clarey,Marnes,cmarnesdp@oracle.com,Genderqueer,84.223.38.121
495,Donavon,Cianelli,dcianellidq@hexun.com,Non-binary,92.60.161.95
496,Simonne,Matton,smattondr@blog.com,Genderfluid,93.81.224.242
497,Zahara,Costard,zcostardds@mit.edu,Agender,89.252.79.139
498,Dani,Keirl,dkeirldt@wikispaces.com,Polygender,214.152.96.58
499,Todd,Poff,tpoffdu@naver.com,Polygender,205.180.21.180
500,Tawnya,Walework,twaleworkdv@pinterest.com,Polygender,180.38.24.13
501,Davidson,Novkovic,dnovkovicdw@ucoz.com,Genderfluid,154.13.247.49
502,Didi,Ancketill,dancketilldx@dyndns.org,Bigender,12.189.37.140
503,Mildred,McGilleghole,mmcgillegholedy@npr.org,Polygender,229.234.183.220
504,Lucian,Snare,lsnaredz@who.int,Genderfluid,63.147.61.213
505,Ike,Semmens,isemmense0@biblegateway.com,Polygender,82.178.57.162
506,Arleyne,Askey,aaskeye1@wikipedia.org,Genderqueer,243.196.48.191
507,Sissy,Rustman,srustmane2@vkontakte.ru,Female,211.186.151.69
508,Jacenta,Bridgeman,jbridgemane3@noaa.gov,Female,136.1.171.209
509,Silas,Pozzi,spozzie4@miibeian.gov.cn,Female,64.144.80.115
510,Timotheus,Connealy,tconnealye5@ameblo.jp,Female,188.174.70.175
511,Barbabra,Caulder,bcauldere6@gizmodo.com,Female,18.224.193.107
512,Jae,Winterflood,jwinterfloode7@networksolutions.com,Non-binary,22.136.23.69
513,Arch,Moulding,amouldinge8@tamu.edu,Polygender,51.112.221.199
514,Ashil,Byars,abyarse9@netlog.com,Genderfluid,245.28.190.235
515,Elsy,Roughsedge,eroughsedgeea@liveinternet.ru,Bigender,56.96.149.113
516,Lona,Brockwell,lbrockwelleb@slashdot.org,Female,101.241.38.233
517,Anabel,Liddicoat,aliddicoatec@marketwatch.com,Genderfluid,240.79.20.237
518,Toddie,Girardoni,tgirardonied@mayoclinic.com,Male,164.164.214.87
519,Therine,Spellworth,tspellworthee@smh.com.au,Non-binary,145.127.97.25
520,Goober,O'Hingerty,gohingertyef@bandcamp.com,Bigender,101.80.175.235
521,Rhea,Docharty,rdochartyeg@sogou.com,Agender,207.143.200.213
522,Paten,Sinnocke,psinnockeeh@infoseek.co.jp,Male,193.72.108.138
523,Bourke,Kemm,bkemmei@tuttocitta.it,Genderqueer,196.208.43.161
524,Nanci,Culpan,nculpanej@who.int,Genderqueer,41.235.238.183
525,Isaak,Hannabuss,ihannabussek@trellian.com,Polygender,212.136.115.112
526,Maye,Asche,mascheel@whitehouse.gov,Non-binary,144.48.70.7
527,Gabie,Orriss,gorrissem@cmu.edu,Genderqueer,15.204.33.113
528,Elysha,Alesio,ealesioen@xrea.com,Male,35.161.6.152
529,Lindie,Olyet,lolyeteo@hatena.ne.jp,Polygender,81.161.157.159
530,Aubrey,McCurtain,amccurtainep@oracle.com,Male,5.234.147.162
531,Allina,Comettoi,acomettoieq@cnet.com,Genderqueer,149.220.77.184
532,Ervin,Brougham,ebroughamer@businesswire.com,Genderqueer,78.235.219.219
533,Belle,Gossart,bgossartes@lycos.com,Male,116.107.151.15
534,Mureil,Larway,mlarwayet@mlb.com,Non-binary,102.68.176.30
535,Verine,McCuffie,vmccuffieeu@mayoclinic.com,Agender,210.12.182.84
536,Winnie,Dewsbury,wdewsburyev@eventbrite.com,Genderfluid,53.133.116.242
537,Kizzie,Rook,krookew@mapquest.com,Agender,89.105.8.203
538,Raymond,Lindsey,rlindseyex@weibo.com,Male,76.179.128.132
539,Gavan,Patchett,gpatchettey@drupal.org,Female,41.73.41.185
540,Sanders,Patty,spattyez@wisc.edu,Polygender,135.253.70.131
541,Immanuel,Gibbetts,igibbettsf0@shutterfly.com,Non-binary,210.45.128.98
542,Vivi,Scathard,vscathardf1@slate.com,Polygender,243.157.143.50
543,Donny,Gomby,dgombyf2@eventbrite.com,Female,3.176.176.116
544,Ola,Prestland,oprestlandf3@ft.com,Female,101.20.44.164
545,Martie,Bedward,mbedwardf4@economist.com,Bigender,7.130.173.36
546,Brigham,McInnes,bmcinnesf5@dailymotion.com,Female,78.49.174.129
547,Emiline,Sawnwy,esawnwyf6@123-reg.co.uk,Polygender,196.157.85.34
548,Rodd,Seamans,rseamansf7@php.net,Male,122.181.51.5
549,Luciana,Tapin,ltapinf8@toplist.cz,Non-binary,253.141.113.205
550,Chris,Follis,cfollisf9@sbwire.com,Bigender,178.250.14.184
551,Beilul,Fransson,bfranssonfa@utexas.edu,Bigender,20.29.161.126
552,Allie,Godfree,agodfreefb@myspace.com,Male,14.124.44.99
553,Marylynne,Hedgeman,mhedgemanfc@woothemes.com,Female,54.126.176.250
554,Deina,Chapell,dchapellfd@ocn.ne.jp,Genderfluid,55.77.171.86
555,Nickolas,Orgill,norgillfe@51.la,Genderfluid,121.53.43.134
556,Alwin,Spire,aspireff@wordpress.org,Bigender,25.187.52.183
557,Carrie,Winterflood,cwinterfloodfg@alexa.com,Genderqueer,246.37.253.14
558,Alameda,Seivwright,aseivwrightfh@weather.com,Genderqueer,128.168.162.159
559,Celinda,Wolfenden,cwolfendenfi@amazonaws.com,Genderfluid,5.207.96.138
560,Sauveur,Badsey,sbadseyfj@twitter.com,Agender,157.178.68.193
561,Debbie,Pasfield,dpasfieldfk@prlog.org,Genderqueer,9.131.233.127
562,Yolanthe,Paddell,ypaddellfl@tiny.cc,Agender,78.21.70.201
563,Daisey,Vondrach,dvondrachfm@harvard.edu,Genderqueer,73.8.56.123
564,Avivah,Sydenham,asydenhamfn@discuz.net,Polygender,78.72.69.222
565,Teresa,Keatley,tkeatleyfo@slideshare.net,Bigender,160.50.2.59
566,Guillermo,Callander,gcallanderfp@woothemes.com,Genderqueer,240.124.25.46
567,Erhard,Creelman,ecreelmanfq@de.vu,Non-binary,242.233.81.35
568,Carlyle,Pimlock,cpimlockfr@dot.gov,Agender,239.72.115.255
569,Terrell,Dewer,tdewerfs@un.org,Non-binary,46.42.182.90
570,Stephani,Napoli,snapolift@dot.gov,Genderfluid,71.55.2.79
571,Arlene,Beggan,abegganfu@hp.com,Non-binary,149.69.27.177
572,Bear,Rathmell,brathmellfv@theglobeandmail.com,Genderfluid,172.28.43.88
573,Ruthe,Wille,rwillefw@sfgate.com,Male,3.36.190.159
574,Jada,Gors,jgorsfx@cbslocal.com,Bigender,223.251.157.198
575,Jae,Hildred,jhildredfy@fotki.com,Polygender,27.64.108.252
576,Tammi,Duffy,tduffyfz@gov.uk,Genderqueer,139.190.175.12
577,Arabela,Dmitr,admitrg0@pagesperso-orange.fr,Polygender,57.76.32.141
578,Timothy,Jewsbury,tjewsburyg1@slate.com,Bigender,55.30.50.51
579,Celinda,Shakespeare,cshakespeareg2@prlog.org,Polygender,105.33.8.26
580,Genevieve,Brea,gbreag3@google.pl,Genderfluid,116.137.93.196
581,Britt,Denver,bdenverg4@dropbox.com,Female,193.174.200.17
582,Ulrikaumeko,Parrington,uparringtong5@ibm.com,Polygender,210.207.37.49
583,Joell,Boutflour,jboutflourg6@state.gov,Male,152.238.40.84
584,Lazare,Bondar,lbondarg7@slideshare.net,Non-binary,246.139.226.252
585,Aline,Klampk,aklampkg8@mit.edu,Non-binary,105.198.175.173
586,Janela,Dormer,jdormerg9@creativecommons.org,Agender,227.214.201.141
587,Ella,Beveredge,ebeveredgega@jimdo.com,Male,169.191.122.110
588,Jase,Hacquel,jhacquelgb@godaddy.com,Non-binary,79.32.1.156
589,Torey,Happert,thappertgc@intel.com,Bigender,224.10.102.237
590,Elvira,Flooks,eflooksgd@comcast.net,Polygender,101.148.67.15
591,Rosina,Skrines,rskrinesge@ibm.com,Non-binary,199.129.229.104
592,Raleigh,Orpin,rorpingf@mozilla.org,Bigender,98.100.216.79
593,Noemi,Losty,nlostygg@bing.com,Agender,30.201.169.154
594,Fleming,Eyre,feyregh@dailymotion.com,Genderqueer,164.210.247.27
595,Stavros,Bothie,sbothiegi@etsy.com,Female,189.133.226.185
596,Aile,Albin,aalbingj@redcross.org,Bigender,135.204.227.59
597,Saidee,Harlett,sharlettgk@usnews.com,Polygender,154.250.33.110
598,Margi,Dingwall,mdingwallgl@ucla.edu,Agender,71.131.24.203
599,Russell,MacIver,rmacivergm@psu.edu,Non-binary,105.228.183.219
600,Wyn,Camfield,wcamfieldgn@mashable.com,Bigender,193.168.86.42
601,Veronique,Tetford,vtetfordgo@dedecms.com,Polygender,46.57.165.187
602,Mellie,Morrad,mmorradgp@shutterfly.com,Genderqueer,81.22.117.26
603,Troy,Cason,tcasongq@cnn.com,Polygender,122.238.252.134
604,Van,Cuncarr,vcuncarrgr@phoca.cz,Male,193.248.153.96
605,Berny,Cicculini,bcicculinigs@tumblr.com,Polygender,2.91.222.253
606,Hubie,Butts,hbuttsgt@webeden.co.uk,Bigender,102.169.160.163
607,Marta,Cregeen,mcregeengu@deliciousdays.com,Bigender,125.53.26.97
608,Theodosia,Dawley,tdawleygv@w3.org,Polygender,167.12.59.114
609,Lorianna,Neale,lnealegw@edublogs.org,Bigender,27.199.243.215
610,Tabbie,O'Kielt,tokieltgx@ustream.tv,Bigender,76.143.246.10
611,Valina,Clixby,vclixbygy@amazon.de,Agender,54.53.196.83
612,Gustavo,Holligan,gholligangz@stanford.edu,Female,47.76.246.161
613,Mauricio,Toward,mtowardh0@hatena.ne.jp,Female,60.92.142.93
614,Valli,Halson,vhalsonh1@businessinsider.com,Genderfluid,174.4.145.140
615,Augie,McGrouther,amcgroutherh2@mapy.cz,Polygender,163.51.136.231
616,Kermie,Boman,kbomanh3@bravesites.com,Agender,94.133.124.83
617,Mikol,Ilchuk,milchukh4@csmonitor.com,Agender,77.29.190.221
618,Danya,Adriaan,dadriaanh5@angelfire.com,Male,155.246.166.129
619,Randa,Vannikov,rvannikovh6@webmd.com,Polygender,250.213.86.203
620,Franciskus,Chasemoore,fchasemooreh7@wp.com,Genderqueer,238.225.51.192
621,Emiline,Klaussen,eklaussenh8@usa.gov,Non-binary,253.116.200.44
622,Nancie,Lotte,nlotteh9@berkeley.edu,Polygender,35.155.118.178
623,Ruggiero,Sapir,rsapirha@blinklist.com,Bigender,85.239.3.228
624,Rori,Zorzi,rzorzihb@nsw.gov.au,Bigender,145.38.254.73
625,Joella,Fontenot,jfontenothc@indiatimes.com,Genderqueer,129.100.102.172
626,Mimi,Jerrand,mjerrandhd@examiner.com,Male,101.6.104.242
627,Norry,Szymoni,nszymonihe@netscape.com,Bigender,58.164.218.146
628,Lizette,Bachnic,lbachnichf@slashdot.org,Female,86.42.196.247
629,Cecilia,Hannond,channondhg@mtv.com,Bigender,31.139.150.253
630,Odo,Coey,ocoeyhh@paypal.com,Genderqueer,160.228.65.221
631,Chase,Mangam,cmangamhi@google.fr,Female,74.15.46.211
632,Vonnie,McCadden,vmccaddenhj@bravesites.com,Female,112.102.10.108
633,Boyd,Lowry,blowryhk@t-online.de,Genderqueer,194.57.74.203
634,Kingsley,Saphin,ksaphinhl@mit.edu,Agender,179.63.16.63
635,Roxane,Eagar,reagarhm@trellian.com,Genderfluid,130.67.69.111
636,Toddie,Battlestone,tbattlestonehn@meetup.com,Bigender,9.36.57.192
637,Lesly,Morcomb,lmorcombho@hubpages.com,Bigender,138.37.65.200
638,Martainn,Filtness,mfiltnesshp@myspace.com,Genderfluid,34.247.143.136
639,Finley,Newvill,fnewvillhq@java.com,Male,206.45.77.140
640,Meir,Rymer,mrymerhr@google.co.uk,Female,129.169.116.201
641,Tate,Corteney,tcorteneyhs@epa.gov,Agender,99.73.143.217
642,Arin,Janku,ajankuht@barnesandnoble.com,Male,68.130.163.137
643,Sharleen,Deavall,sdeavallhu@imdb.com,Non-binary,11.249.190.8
644,Abigael,MacFadzan,amacfadzanhv@unesco.org,Male,187.21.171.134
645,Berty,Jordanson,bjordansonhw@themeforest.net,Agender,155.51.97.232
646,Jerrold,Remon,jremonhx@uiuc.edu,Male,27.238.36.28
647,Rodolfo,MacCaghan,rmaccaghanhy@mozilla.com,Male,252.69.157.230
648,Roseanna,Balleine,rballeinehz@techcrunch.com,Bigender,86.104.39.253
649,Corrine,Mulrooney,cmulrooneyi0@gmpg.org,Female,128.56.25.150
650,Susana,Joscelyn,sjoscelyni1@kickstarter.com,Non-binary,9.211.93.254
651,Isadore,Mouncher,imouncheri2@google.pl,Non-binary,133.160.70.162
652,Delmor,Pampling,dpamplingi3@wiley.com,Female,240.70.8.33
653,Lester,Shillum,lshillumi4@squarespace.com,Genderqueer,134.80.202.165
654,Sheila-kathryn,Maybery,smayberyi5@wordpress.com,Female,133.109.153.8
655,Jerad,Rosenbush,jrosenbushi6@naver.com,Male,109.230.155.46
656,Euell,Chrispin,echrispini7@sbwire.com,Bigender,13.60.224.129
657,Amalee,Jindrak,ajindraki8@virginia.edu,Genderfluid,135.178.8.101
658,Erina,Garment,egarmenti9@tuttocitta.it,Genderfluid,125.31.198.70
659,Beryle,Perse,bperseia@un.org,Non-binary,173.111.112.212
660,Evelina,Kreuzer,ekreuzerib@wiley.com,Bigender,154.102.160.200
661,Duffy,Doelle,ddoelleic@biglobe.ne.jp,Male,197.2.235.124
662,Eli,Imison,eimisonid@biblegateway.com,Female,142.255.179.159
663,Annamaria,Rough,aroughie@dedecms.com,Polygender,236.107.138.177
664,Charleen,Stabler,cstablerif@sun.com,Bigender,77.44.57.20
665,Corena,Stedson,cstedsonig@studiopress.com,Non-binary,207.45.16.193
666,Bel,Denyer,bdenyerih@disqus.com,Genderqueer,234.30.235.77
667,Rayner,Harvett,rharvettii@goo.ne.jp,Genderfluid,15.230.188.82
668,Freida,Matieu,fmatieuij@arizona.edu,Non-binary,12.233.28.162
669,Brooke,Twallin,btwallinik@yahoo.co.jp,Agender,142.126.251.137
670,Jaime,Duthy,jduthyil@bluehost.com,Non-binary,130.133.150.46
671,Una,Loidl,uloidlim@apache.org,Female,71.235.31.219
672,Ysabel,Hammersley,yhammersleyin@adobe.com,Male,25.63.8.124
673,Barbara-anne,Lown,blownio@wikimedia.org,Non-binary,74.126.181.184
674,Kristian,Willimont,kwillimontip@blinklist.com,Polygender,109.157.166.122
675,Erina,Gilleon,egilleoniq@i2i.jp,Bigender,199.21.139.29
676,Mureil,Annell,mannellir@baidu.com,Genderfluid,237.131.198.34
677,Joey,Munning,jmunningis@time.com,Bigender,49.254.95.237
678,Dniren,Troman,dtromanit@cargocollective.com,Bigender,128.14.18.114
679,Pet,Cornil,pcorniliu@wisc.edu,Genderfluid,70.218.49.190
680,Tomasine,Routledge,troutledgeiv@seesaa.net,Female,222.124.185.5
681,Corrinne,Peche,cpecheiw@jiathis.com,Polygender,224.191.30.100
682,Eduino,Trussman,etrussmanix@psu.edu,Non-binary,249.9.37.10
683,Jedediah,Gert,jgertiy@si.edu,Bigender,220.143.95.190
684,Joanna,Spataro,jspataroiz@foxnews.com,Female,44.233.105.31
685,Clarissa,Polglase,cpolglasej0@hibu.com,Polygender,107.84.218.65
686,Darcy,Soots,dsootsj1@independent.co.uk,Polygender,92.20.56.236
687,Tannie,Farrer,tfarrerj2@shareasale.com,Polygender,229.148.53.68
688,Junette,Bawcock,jbawcockj3@themeforest.net,Male,113.186.150.49
689,Ania,Frascone,afrasconej4@ameblo.jp,Genderqueer,18.64.121.3
690,Alvan,McGrey,amcgreyj5@icio.us,Non-binary,154.7.107.52
691,Phaedra,Ponder,pponderj6@buzzfeed.com,Polygender,219.87.175.252
692,Sawyer,Geane,sgeanej7@forbes.com,Female,223.166.161.75
693,Janelle,McCallam,jmccallamj8@delicious.com,Genderqueer,204.7.169.35
694,Ernesto,Sturgeon,esturgeonj9@bizjournals.com,Genderqueer,74.231.74.189
695,Deedee,Hambleton,dhambletonja@deviantart.com,Genderqueer,99.68.18.54
696,Billye,Robertelli,brobertellijb@youku.com,Bigender,235.187.163.228
697,Henri,Hayers,hhayersjc@wired.com,Agender,214.240.246.233
698,Carol-jean,Treat,ctreatjd@aol.com,Genderqueer,195.232.2.6
699,Austen,Neller,anellerje@noaa.gov,Non-binary,40.129.112.247
700,Keelia,Iacapucci,kiacapuccijf@pinterest.com,Bigender,157.157.36.179
701,Latrena,Huertas,lhuertasjg@un.org,Genderqueer,75.206.153.171
702,Margit,McCreery,mmccreeryjh@cnn.com,Genderqueer,131.143.46.189
703,Stacey,Baudino,sbaudinoji@berkeley.edu,Genderqueer,253.36.180.243
704,Harriott,Ruffles,hrufflesjj@ed.gov,Female,8.71.237.153
705,Nelli,Copeland,ncopelandjk@unblog.fr,Polygender,30.8.167.166
706,Guthrie,Hubbins,ghubbinsjl@lulu.com,Bigender,214.73.172.42
707,Melantha,Mark,mmarkjm@microsoft.com,Non-binary,229.12.96.59
708,Noam,MacGilrewy,nmacgilrewyjn@ehow.com,Bigender,162.60.163.6
709,Franny,Bereford,fberefordjo@mozilla.com,Non-binary,137.45.190.47
710,Cchaddie,Orneles,cornelesjp@instagram.com,Bigender,124.44.211.175
711,Herby,Dansey,hdanseyjq@google.ca,Polygender,150.184.27.5
712,Demetre,Rogerson,drogersonjr@blogtalkradio.com,Male,42.66.106.239
713,Evvy,Matthis,ematthisjs@aboutads.info,Bigender,129.153.1.77
714,Maje,Stanyer,mstanyerjt@posterous.com,Bigender,60.109.56.82
715,Janka,Follet,jfolletju@w3.org,Agender,80.68.164.223
716,Esther,Lidington,elidingtonjv@npr.org,Bigender,202.166.37.189
717,Fidelia,Chisman,fchismanjw@utexas.edu,Genderfluid,212.68.192.189
718,Devora,Heineking,dheinekingjx@simplemachines.org,Male,190.43.223.198
719,Benny,Egdal,begdaljy@jiathis.com,Male,155.151.68.157
720,Fan,Lavin,flavinjz@bravesites.com,Female,200.56.185.87
721,Jacquenette,Cullip,jcullipk0@github.io,Male,33.171.106.177
722,Glynnis,Daubeny,gdaubenyk1@jimdo.com,Genderqueer,241.142.0.91
723,Mary,Steynor,msteynork2@angelfire.com,Non-binary,29.127.188.207
724,Dewitt,Andrick,dandrickk3@a8.net,Non-binary,146.213.29.45
725,Weidar,Boeter,wboeterk4@upenn.edu,Agender,167.105.116.183
726,Elroy,Breffitt,ebreffittk5@angelfire.com,Female,242.94.190.43
727,Ellswerth,Awin,eawink6@bigcartel.com,Bigender,131.135.43.117
728,Abbey,MacLure,amaclurek7@cbslocal.com,Non-binary,10.189.88.167
729,Lanna,Alflatt,lalflattk8@e-recht24.de,Polygender,6.141.47.40
730,Emilio,Joppich,ejoppichk9@shinystat.com,Genderqueer,6.149.35.124
731,Damon,Helversen,dhelversenka@histats.com,Genderqueer,126.197.21.146
732,Monica,Tinston,mtinstonkb@ihg.com,Female,3.149.132.127
733,Lucy,Reboulet,lrebouletkc@intel.com,Bigender,148.181.95.214
734,Freddy,Atcheson,fatchesonkd@cpanel.net,Genderfluid,28.41.11.192
735,Selma,Tremelling,stremellingke@admin.ch,Bigender,209.25.220.120
736,Joanna,Yallowley,jyallowleykf@printfriendly.com,Genderfluid,250.58.72.178
737,Gisela,Domenico,gdomenicokg@themeforest.net,Genderqueer,36.84.43.240
738,Benjy,Fulstow,bfulstowkh@phpbb.com,Agender,107.199.6.27
739,Beau,Lichfield,blichfieldki@ifeng.com,Non-binary,47.233.88.184
740,Frayda,Tamblyn,ftamblynkj@pagesperso-orange.fr,Bigender,113.108.126.46
741,Filmer,Rickword,frickwordkk@dyndns.org,Non-binary,76.155.87.235
742,Ericha,Ledster,eledsterkl@boston.com,Male,158.56.75.131
743,Vergil,Fuge,vfugekm@hugedomains.com,Genderfluid,168.125.133.21
744,Marybeth,Henryson,mhenrysonkn@nps.gov,Agender,49.22.21.192
745,Angelina,Bahde,abahdeko@usda.gov,Male,30.112.9.185
746,Starlene,Bouttell,sbouttellkp@ask.com,Male,95.118.51.92
747,Germain,Beminster,gbeminsterkq@patch.com,Polygender,156.175.24.15
748,Nealon,Georgot,ngeorgotkr@multiply.com,Polygender,136.158.14.0
749,Eberto,Ucchino,eucchinoks@tiny.cc,Polygender,135.210.7.159
750,Denyse,Banghe,dbanghekt@jugem.jp,Genderfluid,76.2.63.207
751,Bridgette,Brodley,bbrodleyku@xing.com,Agender,236.71.214.251
752,Heriberto,Marklow,hmarklowkv@omniture.com,Polygender,212.162.129.180
753,Tatiana,Sictornes,tsictorneskw@miitbeian.gov.cn,Genderfluid,183.83.9.160
754,Darsie,Blees,dbleeskx@fda.gov,Non-binary,64.117.175.50
755,Emmery,Oldfield,eoldfieldky@arizona.edu,Genderfluid,196.122.21.13
756,Lenette,Romney,lromneykz@fc2.com,Female,169.232.120.70
757,Dennie,Rowswell,drowswelll0@techcrunch.com,Polygender,107.2.35.10
758,Humberto,Burnup,hburnupl1@netlog.com,Genderqueer,128.197.178.37
759,Derrik,Posen,dposenl2@google.es,Agender,156.94.64.227
760,Trixie,Cullingworth,tcullingworthl3@flickr.com,Female,188.60.103.143
761,Blakeley,Bebb,bbebbl4@wordpress.com,Female,86.84.45.189
762,Bekki,Adnams,badnamsl5@delicious.com,Polygender,124.24.132.85
763,Lazarus,McIlharga,lmcilhargal6@about.com,Male,118.184.161.71
764,Gilberte,Hannigan,ghanniganl7@nih.gov,Male,195.50.218.210
765,Alina,Smitham,asmithaml8@gov.uk,Polygender,103.151.246.15
766,Suellen,Ohrtmann,sohrtmannl9@sbwire.com,Female,53.97.230.154
767,Rubia,McArley,rmcarleyla@weather.com,Polygender,63.11.49.18
768,Clair,Hurler,churlerlb@japanpost.jp,Polygender,103.67.181.208
769,Adorne,Aitchison,aaitchisonlc@meetup.com,Genderqueer,48.30.63.44
770,Camala,Santello,csantellold@nih.gov,Non-binary,73.151.15.73
771,August,Routhorn,arouthornle@is.gd,Genderfluid,48.56.240.244
772,Waylin,Obbard,wobbardlf@sbwire.com,Non-binary,197.249.165.11
773,Elsie,Djokic,edjokiclg@columbia.edu,Genderqueer,95.142.60.203
774,Janna,Barney,jbarneylh@jigsy.com,Genderfluid,157.98.40.90
775,Whitaker,Matyja,wmatyjali@indiatimes.com,Genderfluid,97.230.241.239
776,Tabbatha,Seeviour,tseeviourlj@mozilla.org,Agender,174.44.135.22
777,Krystle,Salaman,ksalamanlk@tripod.com,Male,12.186.28.188
778,Fran,Balm,fbalmll@cdc.gov,Agender,213.23.145.21
779,Bronson,Duxfield,bduxfieldlm@senate.gov,Female,166.204.101.213
780,Dell,Spindler,dspindlerln@businessinsider.com,Polygender,200.199.176.219
781,Larina,Raecroft,lraecroftlo@shinystat.com,Genderqueer,132.172.35.84
782,Ford,Pargetter,fpargetterlp@unc.edu,Genderqueer,9.194.104.238
783,Krystyna,Bourdas,kbourdaslq@latimes.com,Non-binary,25.233.242.73
784,Rochelle,Pallatina,rpallatinalr@salon.com,Polygender,27.203.102.15
785,Bevvy,Florio,bfloriols@vistaprint.com,Bigender,226.214.67.209
786,Nahum,Manns,nmannslt@ovh.net,Bigender,224.200.200.167
787,Fayth,Thorp,fthorplu@facebook.com,Bigender,47.189.189.221
788,Joni,Moult,jmoultlv@istockphoto.com,Genderqueer,11.118.73.25
789,Agneta,Malter,amalterlw@ucoz.com,Polygender,11.163.184.108
790,Tades,Aldcorn,taldcornlx@geocities.com,Genderqueer,57.107.216.3
791,Rory,Minney,rminneyly@ucoz.ru,Genderqueer,57.124.161.125
792,Fowler,Bortolotti,fbortolottilz@dropbox.com,Agender,74.226.252.191
793,Babb,Tewkesbury,btewkesburym0@blogs.com,Genderfluid,27.185.230.253
794,Missy,Lewson,mlewsonm1@liveinternet.ru,Polygender,122.171.31.139
795,Margarethe,Blazic,mblazicm2@chronoengine.com,Genderfluid,94.200.88.153
796,Fitzgerald,Bloxsum,fbloxsumm3@cbsnews.com,Genderqueer,5.168.136.37
797,Ronny,Feragh,rferaghm4@scientificamerican.com,Polygender,10.221.99.63
798,Lacee,Hallgalley,lhallgalleym5@wufoo.com,Male,249.11.163.53
799,Aura,Rankine,arankinem6@soundcloud.com,Genderfluid,243.80.104.69
800,Michel,Choake,mchoakem7@cafepress.com,Agender,39.174.219.23
801,Alonzo,Brouncker,abrounckerm8@examiner.com,Polygender,85.154.4.42
802,Chandler,Vinck,cvinckm9@tiny.cc,Bigender,24.120.164.76
803,Godfree,Aspenlon,gaspenlonma@netscape.com,Agender,33.39.141.35
804,Hali,Davids,hdavidsmb@weather.com,Male,100.147.168.65
805,Rustie,Frentz,rfrentzmc@cnbc.com,Genderqueer,156.119.142.117
806,Adriano,Buessen,abuessenmd@earthlink.net,Genderfluid,206.97.151.23
807,Leonie,Coulston,lcoulstonme@google.com,Genderfluid,203.245.146.109
808,Melissa,Argrave,margravemf@ovh.net,Non-binary,194.216.247.30
809,Norman,Duffill,nduffillmg@usnews.com,Genderqueer,179.19.19.215
810,Orran,Mourant,omourantmh@bigcartel.com,Genderqueer,84.217.174.113
811,Mike,Truluck,mtruluckmi@live.com,Genderfluid,126.6.92.63
812,Constancy,Kirkbright,ckirkbrightmj@github.io,Agender,30.13.195.200
813,Beatrice,Pirri,bpirrimk@joomla.org,Genderfluid,77.245.81.185
814,Forrester,Amey,fameyml@youtu.be,Female,164.223.12.65
815,Kailey,Mariolle,kmariollemm@shinystat.com,Female,187.182.105.112
816,Godiva,Cristofari,gcristofarimn@salon.com,Agender,40.12.53.102
817,Aubrey,Duncanson,aduncansonmo@technorati.com,Genderfluid,249.196.78.75
818,Maura,Broady,mbroadymp@cocolog-nifty.com,Agender,100.210.195.211
819,Ilyse,Shortan,ishortanmq@ning.com,Agender,22.77.172.65
820,Junina,Cockaday,jcockadaymr@squarespace.com,Non-binary,28.227.113.29
821,Andie,Mothersdale,amothersdalems@twitter.com,Agender,239.11.72.51
822,Leena,Herety,lheretymt@ft.com,Female,208.123.51.39
823,Tana,Nelthropp,tnelthroppmu@parallels.com,Male,150.194.75.84
824,Cristian,Croughan,ccroughanmv@phoca.cz,Genderfluid,111.25.247.204
825,Ermengarde,Tooker,etookermw@google.com.br,Polygender,116.209.222.244
826,Deanna,Painter,dpaintermx@thetimes.co.uk,Bigender,236.79.0.185
827,Tirrell,Reddish,treddishmy@taobao.com,Polygender,194.251.73.33
828,Otes,Ort,oortmz@ibm.com,Agender,65.54.231.132
829,Anton,Lammas,alammasn0@so-net.ne.jp,Genderfluid,189.97.214.120
830,Stormy,Rozzier,srozziern1@pbs.org,Bigender,163.7.206.63
831,Marshall,Dunbabin,mdunbabinn2@blogs.com,Bigender,20.133.245.9
832,Fancy,Avramovich,favramovichn3@huffingtonpost.com,Genderfluid,84.4.234.165
833,Kattie,Borrington,kborringtonn4@slashdot.org,Genderfluid,216.89.39.246
834,Juieta,Bundock,jbundockn5@desdev.cn,Male,44.66.85.203
835,Yehudit,Yarnell,yyarnelln6@hubpages.com,Male,221.245.172.93
836,Delmor,Kingwell,dkingwelln7@edublogs.org,Genderfluid,9.227.106.175
837,Jaynell,Perigoe,jperigoen8@ted.com,Non-binary,156.67.122.118
838,Othella,Dreng,odrengn9@friendfeed.com,Bigender,220.223.44.157
839,Kalil,Tomaino,ktomainona@unblog.fr,Genderqueer,242.189.197.144
840,Nathanial,Yockley,nyockleynb@technorati.com,Polygender,250.80.6.56
841,Gerda,Marvelley,gmarvelleync@digg.com,Bigender,21.41.138.214
842,Penni,Muncaster,pmuncasternd@microsoft.com,Genderqueer,112.129.234.255
843,Bird,Tucsell,btucsellne@opensource.org,Bigender,90.222.42.243
844,Woodrow,Dods,wdodsnf@booking.com,Agender,180.182.24.75
845,Marleen,Siveyer,msiveyerng@usda.gov,Non-binary,231.165.123.141
846,Karlene,Yurenin,kyureninnh@technorati.com,Genderfluid,135.241.202.198
847,Elinore,Elphick,eelphickni@businessinsider.com,Male,73.95.77.208
848,Jessey,Covington,jcovingtonnj@ocn.ne.jp,Non-binary,101.250.185.235
849,Merna,Thews,mthewsnk@scientificamerican.com,Non-binary,240.11.72.178
850,Benedikta,Hendrickx,bhendrickxnl@buzzfeed.com,Polygender,80.16.145.1
851,Sella,Jelliman,sjellimannm@si.edu,Non-binary,171.184.180.77
852,Erena,Zincke,ezinckenn@whitehouse.gov,Genderfluid,63.178.60.26
853,Trstram,Brabbs,tbrabbsno@dagondesign.com,Bigender,100.113.230.84
854,Pate,Harries,pharriesnp@goodreads.com,Polygender,89.244.39.182
855,Ranice,Kendal,rkendalnq@berkeley.edu,Genderqueer,34.29.131.235
856,Toddy,Keenlayside,tkeenlaysidenr@angelfire.com,Female,28.162.163.220
857,Catlaina,Marunchak,cmarunchakns@clickbank.net,Bigender,224.119.135.67
858,Mose,Dalloway,mdallowaynt@jugem.jp,Genderfluid,228.81.4.214
859,Shae,Klamp,sklampnu@gnu.org,Genderqueer,165.97.17.135
860,Gustaf,Janowicz,gjanowicznv@smugmug.com,Non-binary,251.105.116.76
861,Adolf,O'Mailey,aomaileynw@dot.gov,Male,148.54.67.47
862,Hobie,Snowdon,hsnowdonnx@sakura.ne.jp,Non-binary,67.144.226.226
863,Melamie,Robjant,mrobjantny@naver.com,Bigender,100.68.37.244
864,Codi,Simeons,csimeonsnz@fotki.com,Female,129.38.155.25
865,Carlye,St Pierre,cstpierreo0@xrea.com,Genderqueer,27.138.162.190
866,Trudi,Lettice,tletticeo1@soundcloud.com,Agender,251.165.9.188
867,Carita,Habberjam,chabberjamo2@privacy.gov.au,Genderfluid,169.228.11.117
868,Nanette,O'Gorman,nogormano3@instagram.com,Non-binary,130.233.55.247
869,Stacie,Flook,sflooko4@lulu.com,Female,69.27.134.7
870,Dennison,Whelpton,dwhelptono5@oakley.com,Genderqueer,26.10.74.192
871,Laney,Beddall,lbeddallo6@themeforest.net,Non-binary,47.192.220.41
872,Jacquenetta,Larvor,jlarvoro7@wsj.com,Bigender,46.187.168.248
873,Lisle,Wrennall,lwrennallo8@cnn.com,Non-binary,67.160.134.55
874,Ferdinanda,Husthwaite,fhusthwaiteo9@wix.com,Genderfluid,215.106.227.28
875,Daryl,Yearnes,dyearnesoa@noaa.gov,Non-binary,237.228.211.13
876,Meggi,Wynes,mwynesob@tiny.cc,Polygender,56.105.105.44
877,Caryl,Ramme,crammeoc@oakley.com,Agender,233.80.242.73
878,Filia,Wrathmell,fwrathmellod@hao123.com,Polygender,70.82.214.191
879,Amberly,Lardiner,alardineroe@wikispaces.com,Male,5.224.220.1
880,Freddy,Kiessel,fkiesselof@unc.edu,Polygender,134.3.105.158
881,Dena,Gillanders,dgillandersog@amazon.co.uk,Male,250.193.119.245
882,Cordie,Green,cgreenoh@businesswire.com,Bigender,77.33.197.232
883,Cesya,O'Connell,coconnelloi@baidu.com,Agender,175.107.187.241
884,Diannne,Cayet,dcayetoj@chron.com,Male,132.142.70.30
885,Verge,Fallowfield,vfallowfieldok@creativecommons.org,Genderfluid,192.7.107.156
886,Sonnie,Strike,sstrikeol@dell.com,Bigender,234.98.154.129
887,Betteanne,Shepeard,bshepeardom@lulu.com,Bigender,185.168.151.3
888,Agnese,Heighway,aheighwayon@blinklist.com,Genderfluid,108.175.10.243
889,Hank,Cullabine,hcullabineoo@de.vu,Genderfluid,210.29.61.134
890,Corbin,Mainland,cmainlandop@vkontakte.ru,Genderfluid,55.244.174.51
891,Benson,Charle,bcharleoq@example.com,Agender,84.148.134.121
892,Gustie,Ranking,grankingor@51.la,Genderqueer,158.132.88.82
893,Glendon,Stockall,gstockallos@sogou.com,Genderfluid,245.150.165.103
894,Evelyn,Redferne,eredferneot@fema.gov,Agender,65.144.28.84
895,Brion,Minards,bminardsou@cornell.edu,Polygender,84.101.115.55
896,Lawrence,Iredale,liredaleov@wikia.com,Bigender,49.208.103.88
897,Britni,Pointing,bpointingow@eepurl.com,Bigender,248.170.46.49
898,Lukas,Leggs,lleggsox@apple.com,Bigender,239.168.74.62
899,Raquela,Laugharne,rlaugharneoy@baidu.com,Agender,16.235.88.134
900,Odilia,Hodgins,ohodginsoz@flavors.me,Genderqueer,37.212.84.62
901,Lissy,Pilbury,lpilburyp0@github.com,Genderqueer,180.194.100.38
902,Magdalen,Hemerijk,mhemerijkp1@rakuten.co.jp,Bigender,1.223.92.251
903,Danella,Trim,dtrimp2@privacy.gov.au,Male,86.3.127.41
904,Harriett,Storr,hstorrp3@npr.org,Bigender,36.18.7.226
905,Justinn,Nappin,jnappinp4@thetimes.co.uk,Non-binary,31.29.191.177
906,Sigvard,Vanichkov,svanichkovp5@census.gov,Polygender,172.236.174.43
907,Aundrea,Stanier,astanierp6@blogspot.com,Polygender,92.103.81.79
908,Larry,Mortel,lmortelp7@gizmodo.com,Male,85.87.139.15
909,Sigismundo,Solleme,ssollemep8@ucoz.com,Female,183.137.60.158
910,Norry,Gillivrie,ngillivriep9@altervista.org,Male,76.126.70.96
911,Jolynn,Gosson,jgossonpa@hugedomains.com,Genderqueer,34.206.11.137
912,Jorgan,Mussolini,jmussolinipb@earthlink.net,Female,12.176.119.247
913,Harmon,Wickliffe,hwickliffepc@patch.com,Bigender,228.64.155.208
914,Coriss,Tissiman,ctissimanpd@ovh.net,Polygender,139.126.250.224
915,Sheppard,Syvret,ssyvretpe@facebook.com,Genderqueer,128.51.132.59
916,Olenka,Ewart,oewartpf@about.com,Genderfluid,144.98.158.217
917,Dyane,Kettlestringes,dkettlestringespg@nih.gov,Genderqueer,140.121.74.110
918,Duke,Carmo,dcarmoph@wikispaces.com,Genderqueer,70.253.204.243
919,Norton,Heathcote,nheathcotepi@bing.com,Genderqueer,234.183.103.158
920,Xylia,Romand,xromandpj@discovery.com,Bigender,181.196.73.219
921,Florette,Muttitt,fmuttittpk@shutterfly.com,Non-binary,173.42.246.252
922,Pedro,Lamborne,plambornepl@vinaora.com,Genderqueer,9.158.222.188
923,Tris,Clausen,tclausenpm@infoseek.co.jp,Male,192.136.79.163
924,Wakefield,Sarsons,wsarsonspn@technorati.com,Non-binary,8.172.160.34
925,Joni,Wolton,jwoltonpo@comcast.net,Non-binary,252.167.254.43
926,Darrick,Work,dworkpp@histats.com,Bigender,235.39.219.3
927,Marylinda,Spat,mspatpq@linkedin.com,Polygender,111.191.58.153
928,Nollie,Axelbee,naxelbeepr@i2i.jp,Bigender,227.95.149.55
929,Tatum,Doree,tdoreeps@mediafire.com,Female,70.119.113.114
930,Vernon,Rosenkrantz,vrosenkrantzpt@ucoz.ru,Female,71.65.46.23
931,Cinnamon,Hoggan,chogganpu@1und1.de,Polygender,19.223.248.44
932,Rita,Prestige,rprestigepv@google.nl,Polygender,84.44.179.38
933,Laina,Guilleton,lguilletonpw@joomla.org,Non-binary,135.24.129.85
934,Janeva,Skingley,jskingleypx@elpais.com,Bigender,137.208.63.185
935,Olin,Ledes,oledespy@npr.org,Female,74.190.247.101
936,Harriet,Wiffill,hwiffillpz@sohu.com,Bigender,213.22.2.198
937,Vick,O'Bradane,vobradaneq0@addthis.com,Male,173.251.171.223
938,Dukie,Ganny,dgannyq1@chron.com,Male,81.61.75.51
939,Titus,Kaming,tkamingq2@tinyurl.com,Agender,44.80.106.252
940,Casie,Vidloc,cvidlocq3@newsvine.com,Male,227.204.208.78
941,Shay,Kezor,skezorq4@engadget.com,Non-binary,250.24.210.247
942,Davy,Randleson,drandlesonq5@ihg.com,Genderqueer,123.192.200.134
943,Heath,McVrone,hmcvroneq6@sfgate.com,Polygender,9.43.240.54
944,Basilius,Dawe,bdaweq7@t-online.de,Genderqueer,59.97.247.92
945,Bradney,Evelyn,bevelynq8@unc.edu,Non-binary,207.44.165.162
946,Thorpe,Enticknap,tenticknapq9@slideshare.net,Female,188.77.55.244
947,Malena,Spalls,mspallsqa@jiathis.com,Male,229.51.228.153
948,Margie,Sankey,msankeyqb@redcross.org,Female,178.129.244.246
949,Merci,Gouge,mgougeqc@nhs.uk,Genderfluid,99.0.16.239
950,Danyette,Oland,dolandqd@devhub.com,Bigender,152.236.188.227
951,Albie,Darrington,adarringtonqe@mayoclinic.com,Agender,184.105.113.84
952,Devin,Tissington,dtissingtonqf@vkontakte.ru,Polygender,107.242.154.26
953,Kristopher,Cashley,kcashleyqg@dropbox.com,Male,18.181.247.51
954,Renate,Brozek,rbrozekqh@fda.gov,Genderqueer,226.9.42.119
955,Christina,Sneyd,csneydqi@ucoz.com,Genderqueer,12.21.213.91
956,Chicky,Guinn,cguinnqj@indiegogo.com,Agender,111.96.68.237
957,Raine,Ilyuchyov,rilyuchyovqk@mail.ru,Genderfluid,225.71.142.103
958,Jeralee,Burgan,jburganql@sogou.com,Female,255.123.228.21
959,Rriocard,Abramino,rabraminoqm@psu.edu,Female,150.24.246.35
960,Essy,Lehrle,elehrleqn@bloomberg.com,Non-binary,230.93.70.212
961,Rene,Scurlock,rscurlockqo@slideshare.net,Non-binary,39.229.241.195
962,Kira,Daouse,kdaouseqp@google.com.hk,Female,226.123.189.193
963,Peter,Pavolillo,ppavolilloqq@reddit.com,Non-binary,13.15.192.167
964,Carin,Cooling,ccoolingqr@skyrock.com,Genderfluid,202.202.139.38
965,Jamie,Rayner,jraynerqs@nytimes.com,Polygender,213.213.150.210
966,Alain,Cockton,acocktonqt@businesswire.com,Female,9.185.185.152
967,Thane,Guilaem,tguilaemqu@ow.ly,Genderqueer,234.219.50.221
968,Lorie,Agass,lagassqv@liveinternet.ru,Female,142.46.240.137
969,Evelyn,Heinish,eheinishqw@canalblog.com,Non-binary,23.26.238.43
970,Daryl,Greser,dgreserqx@seesaa.net,Bigender,190.255.111.114
971,Angela,Salomon,asalomonqy@mapquest.com,Genderqueer,55.180.189.175
972,Evvy,Martinez,emartinezqz@uol.com.br,Agender,225.13.108.22
973,Brunhilde,Heatly,bheatlyr0@blog.com,Non-binary,204.156.189.117
974,Carmel,Keane,ckeaner1@csmonitor.com,Genderfluid,203.104.123.35
975,Wash,Sperrett,wsperrettr2@berkeley.edu,Non-binary,0.53.104.45
976,Berry,Ricardet,bricardetr3@pagesperso-orange.fr,Non-binary,103.70.193.148
977,Ardella,Shire,ashirer4@wired.com,Genderqueer,95.208.170.50
978,Doroteya,Sturgess,dsturgessr5@spotify.com,Polygender,114.228.184.188
979,Daron,Kearle,dkearler6@dagondesign.com,Genderqueer,3.75.230.86
980,Bealle,Bernette,bbernetter7@chicagotribune.com,Genderqueer,53.190.29.127
981,Tris,Balhatchet,tbalhatchetr8@java.com,Polygender,146.115.179.4
982,Magdalene,Gelly,mgellyr9@nifty.com,Genderfluid,52.83.10.108
983,Ricard,Higgoe,rhiggoera@yolasite.com,Genderqueer,241.119.28.105
984,Netti,Leel,nleelrb@blogs.com,Female,45.172.50.175
985,Maximo,Tipping,mtippingrc@oaic.gov.au,Polygender,112.155.20.1
986,Carmen,Gimenez,cgimenezrd@meetup.com,Polygender,50.225.130.114
987,Gertrude,Farren,gfarrenre@elegantthemes.com,Genderqueer,242.167.61.237
988,Pippa,Odhams,podhamsrf@jigsy.com,Female,124.213.225.185
989,Ashlin,Carman,acarmanrg@i2i.jp,Agender,115.89.17.68
990,Camilla,McAlester,cmcalesterrh@bizjournals.com,Non-binary,111.129.252.189
991,Wendall,Noad,wnoadri@xrea.com,Non-binary,150.220.106.198
992,Tabina,Goade,tgoaderj@wp.com,Bigender,104.210.108.63
993,Penny,Tolan,ptolanrk@bloglines.com,Polygender,209.177.56.191
994,Sydelle,Boas,sboasrl@oakley.com,Genderfluid,28.86.197.33
995,Josiah,Whylie,jwhylierm@cpanel.net,Non-binary,234.236.42.167
996,Kaja,Kuscha,kkuscharn@a8.net,Female,78.21.213.220
997,Chrisy,Possek,cpossekro@nsw.gov.au,Genderfluid,224.232.90.252
998,Vivyan,Rhoddie,vrhoddierp@vk.com,Agender,7.177.149.223
999,George,Skamal,gskamalrq@tripadvisor.com,Female,115.84.154.243
1000,Gerianne,Dudderidge,gdudderidgerr@marriott.com,Polygender,58.164.163.247
